Date,User,Message
2023-10-26 02:14:08,"Donna:)","피오나님 어여 주무세요! 저는 잘 도착했슴다! 미르 잔소리 듣고 있어용"
2023-10-26 02:19:57,"OA 피오나님","
저도 무민냥 쓰담쓰담하며 잘 준비하고 있어요:) 다나님 오늘 저녁 즐거웠어요! 굿밤:) "
2023-10-26 09:33:19,"Donna:)","Photo"
2023-10-26 09:33:29,"Donna:)","저 미르가 습식 이러케 잘 먹는거 첨 봐요...."
2023-10-26 09:33:49,"OA 피오나님","우와우와 우리 미르 잘한다💚💜💙"
2023-10-26 09:34:55,"Donna:)","오늘 줄 생각도 없었는데... 정리하려고 꺼내 놓은 사이 물어뜯어놔서 그래 먹어봐라하고 준건데...."
2023-10-26 09:35:46,"Donna:)","85그램 다 먹었어료"
2023-10-26 09:35:46,"OA 피오나님","히히 미르가 맛있게 먹었다니 대성공"
2023-10-26 09:36:01,"Donna:)","저녁에 맛동산파티하겠네 ㄷㄷㄷ"
2023-10-31 09:28:25,"Donna:)","Photo"
2023-10-31 09:28:26,"Donna:)","피오나님 피오나님 굿모냥"
2023-10-31 09:29:11,"Donna:)","제 웬수같은 칭구가 하는 무료 와인 시음회가 있는데 혹시 관심이 있으실까해서 공유를 드려봅니당..."
2023-10-31 09:29:17,"Donna:)","[CWC 와이너리 오너 방한 행사 안내]

CWC에서 독점 수입 중인 'Maximin Grunhaus' 와인의 오너 방한 기념 시음회 소식 안내드립니다. 독일 모젤 지역에서 기원전 900년대부터 6대 째 와인을 만들어오고 있는 유서 깊은 와이너리인 막시민의 와인 시음회 겸 세미나를 광화문 엘레망의 프라이빗 시음실에서 소수 정예로 진행하오니 많은 관심 부탁드립니다 :) 

* 일시 : 2023년 11월 6일(월요일) 15:30-17:00 (1시간 30분) 
* 장소 : 광화문 엘레망 
(서울시 종로구 새문안로 3길 15, 지하 1층) 
* 인원 : 8명
* 내용 : Maximin Grunhaus 오너 Maximin von Schubert와 함께 6종 이상의 와인 시음회
* 비용 : 무료 (통역/다과 제공) "
2023-10-31 09:31:09,"Donna:)","시간이 좀 애매해서... 피오나님이 가신다면 저도 시간을 빼볼 계획입니당!"
2023-10-31 09:39:37,"OA 피오나님","월요일 낮술이라니 흥미롭네용 ㅎㅎ "
2023-10-31 09:40:40,"OA 피오나님","제가 6일을 마지막 출근일로 할지 3일로 할지 내일 태관님과 얘기를 나눠야 하는데, 이번주에 마무리된다면 가고싶어요 크크"
2023-10-31 09:40:59,"Donna:)","시간때문에 8명인데듀 불구하고 자리 채우기 힘든가봐요 ㄷㄷ"
2023-10-31 09:41:37,"Donna:)","근데 낼까지 확정해줘야된데요ㅠㅠ"
2023-10-31 09:42:19,"OA 피오나님","어이쿠! 내일 태관님과 오후에 얘기 나눌 것 같은데 그리고 말씀 드리면 늦을까요? "
2023-10-31 09:43:36,"Donna:)","낼까지 기다리라구 해야죠 ㅋㅋㅋㅋㅋㅋ"
2023-10-31 09:43:54,"OA 피오나님","ㅋㅋㅋㅋㅋㅋ "
2023-10-31 09:44:49,"OA 피오나님","출근 했어요? 오늘 역삼 가신다고 하셨죠?
얘기 잘 하고 보노보노링 손잡고 탈출 해요! "
2023-10-31 09:45:17,"Donna:)","출근은했는데... 누구는 아직 코빼기도 안 보이는게... 안 올것도 같은너낌?ㅋㅋㅋㅋㅋ"
2023-10-31 09:45:22,"Donna:)","안 오면 조켔다..."
2023-10-31 09:46:23,"OA 피오나님","흠.. 그가 오후 외부 스케쥴이 있어서 보노보노에게 오늘 아침에 오라고 했는데 오겠지..
안오면 보노보노 화낼텐데 ㅎㅎ"
2023-10-31 09:47:18,"Donna:)","Photo"
2023-10-31 09:47:25,"Donna:)","보노보노 흑화중이에욬ㅋㅋㅋㅋㅋ"
2023-10-31 09:47:52,"OA 피오나님","앵그리 보노보노 ㅋㅋㅋㅋㅋ"
2023-10-31 13:15:28,"Donna:)","제가 철벽이 무엇인가 보여줬어요!"
2023-10-31 13:18:12,"OA 피오나님","오우 잘햇어요"
2023-10-31 13:18:25,"OA 피오나님","다나님 마음은 갠츈?"
2023-10-31 13:28:02,"Donna:)","하지만 그럼에도 불구하고 24시간 더 제고하고 낼 답변 달래요..."
2023-10-31 13:28:05,"Donna:)","Emoticon"
2023-10-31 13:28:21,"Donna:)","근데 피오나님 오늘 휴간데 왜 일해요"
2023-10-31 13:28:47,"Donna:)","저는 구냥 기빨렸고 지쳤어요...."
2023-10-31 13:29:02,"OA 피오나님","무한굴레…"
2023-10-31 13:29:18,"OA 피오나님","다시 역삼 감? "
2023-10-31 13:29:57,"OA 피오나님","이제 팀에 혼자이기 때문에 휴가는 없어요.."
2023-10-31 13:31:06,"Donna:)","그냥 내일 메일이든 디엠이든 답변 해 달라고 하던데요"
2023-10-31 13:31:22,"Donna:)","전 내일 어차피 cx팀이랑 점심 먹기로 해서 출근이라..."
2023-10-31 13:32:03,"OA 피오나님","그럼 내일 쿨! 하게 칼답하고 빠빠이"
2023-10-31 13:32:23,"OA 피오나님","고생했어영 대화하느라.."
2023-10-31 13:33:11,"Donna:)","고작 노트북 반납하러 역삼까지 온 우정님보단 낫죠..."
2023-10-31 13:34:03,"Donna:)","전 그냥 첨부터 끝까지 너의 미니타운홀 보고 마음 결정했고 너가 가고자하는길은 내가 원하는 길이 아니다로 철벽쳤어요 ㅎㅎㅎ"
2023-10-31 13:34:29,"Donna:)","덕분에 보노보노랑 점심 먹었으니 전 괜찮아용"
2023-10-31 13:34:38,"OA 피오나님","니맘 내맘을 시전했을텐데 철벽친 다나님 짱"
2023-10-31 13:35:02,"OA 피오나님","그래도 보노보노랑 다나님이랑 점심 같이 먹는다고 해서 맘이 괜찮음"
2023-10-31 13:35:14,"OA 피오나님","안그랬음 오늘 휴가 취소하고 역삼 같을거임"
2023-10-31 13:35:32,"Donna:)","ㅠㅠ 여기 뭐 맛난 디저트가게가 있었음 케이쿠 한조각이라도 구해봤을텐데ㅠㅠㅠ"
2023-10-31 13:35:57,"OA 피오나님","아니에요 ㅎㅎ 어제 내가 케이크 사서 갈까 그랬더니 우정님이 살려달랫어요 ㅋㅋㅋ"
2023-10-31 13:36:06,"OA 피오나님","눈으로 욕함 ㅋㅋ"
2023-10-31 13:36:39,"Donna:)","ㅋㅋㅋㅋㅋ"
2023-10-31 13:36:54,"Donna:)","모두 oa 탈출 후에 미르네서 모여용!"
2023-10-31 13:36:59,"OA 피오나님","지금 우정님은 행복한 생일을 맞이히는
중일거에요 "
2023-10-31 13:37:10,"Donna:)","미르가 한턱 낸다구 했어용 ㅎㅎㅎ"
2023-10-31 13:37:17,"OA 피오나님","자유의 몸이 되어 미르네 가는 날이 어서오면 좋겠네요💜"
2023-10-31 13:37:22,"Donna:)","Emoticon"
2023-10-31 13:37:42,"OA 피오나님","Emoticon"
2023-10-31 13:37:43,"Donna:)","당장은 피오나님이 3일까지하구 6일날 시음회나 갔음 조켔다 ㅋㅋㅋㅋ"
2023-10-31 13:37:57,"OA 피오나님","저도요, 제가 내일 말해볼게요 ㅋㅋㅋ"
2023-10-31 13:38:07,"Donna:)","철벽을 치는거에요!!!!"
2023-10-31 13:38:18,"Donna:)","나는 벽이다!! 나는 철로 만들어져있다!!!!"
2023-10-31 13:40:39,"OA 피오나님","내일 주문으로 외워야지.. 나는 벽이다!!"
2023-10-31 13:44:18,"Donna:)","단딥형으로 간결하고 단호하게!"
2023-11-01 13:43:37,"Donna:)","피오나님... 결판 났어용??? 아직인가..."
2023-11-01 13:43:55,"OA 피오나님","ㅋㅋㅋㅋㅋ 났어요"
2023-11-01 13:43:57,"Donna:)","전 어진님과 일정 확인만 한번하고 최후 통첩을 날리려구요...."
2023-11-01 13:44:01,"OA 피오나님","금요일 막 출근"
2023-11-01 13:44:06,"OA 피오나님","월요일 휴가처리"
2023-11-01 13:44:12,"Donna:)","Emoticon"
2023-11-01 13:44:29,"Donna:)","Emoticon"
2023-11-01 13:44:59,"Donna:)","기쁨과 슬픔의 공존...."
2023-11-01 13:45:13,"OA 피오나님","기뻐주세요"
2023-11-01 13:45:22,"OA 피오나님","인수인계 하면서 너무 현타가 와요…"
2023-11-01 13:45:31,"Donna:)","마지막 고비...ㅠㅠ"
2023-11-01 13:45:35,"OA 피오나님","ㅋㅋㅋㅋㅋㅋㅋㅋ 술이 막 땡겨"
2023-11-01 13:45:48,"Donna:)","피오나님 저녁에 술 한잔 할까요???"
2023-11-01 13:46:04,"Donna:)","저 저녁 약속 아까 파토났거든요 후후후후후후"
2023-11-01 13:47:12,"OA 피오나님","으하하하 좋아용"
2023-11-01 13:47:25,"Donna:)","피오나님 다른 일정 있으시면 거절하셔도 되용!"
2023-11-01 13:47:56,"OA 피오나님","없어요 저 이번주에 에너지가 없어서 집콕 중이에요 ㅎㅎㅎㅎ "
2023-11-01 13:48:05,"OA 피오나님","운동도 안하고 누워있음 ㅋㅋ"
2023-11-01 13:49:19,"Donna:)","멘탈이 털리면 그러케 될 수밖에..."
2023-11-01 13:51:26,"Donna:)","뭐 드시고 싶은게 있으신가용???"
2023-11-01 13:53:23,"OA 피오나님","저는 상관없어용! 생각나는게 없..
제가 미르네로 갈까요? "
2023-11-01 13:53:35,"OA 피오나님","다나님 먹고싶은거랑 하고싶은거 해용"
2023-11-01 13:53:56,"Donna:)","앗 저는 현재 역삼이긴해서... 집에 돌아가는 시간이 좀 걸려용 ㅠㅠ"
2023-11-01 13:54:10,"OA 피오나님","오잉 역삼 갔군요…"
2023-11-01 13:54:20,"OA 피오나님","그럼 다나님 편한 곳에서 만나용"
2023-11-01 13:54:41,"Donna:)","마포도 괜찮아용 어차피 돌아가야하니 ㅎㅎㅎ 미르네도 괜찮긴한데... 아무것도 없어서...."
2023-11-01 13:55:54,"Donna:)","아님 미르네에서 배달 시켜먹어두 되구용!"
2023-11-01 13:56:49,"Donna:)","미르보러 오세용! 밑에 마트에서 술 사면 되지용!"
2023-11-01 14:00:25,"OA 피오나님","다나님 역삼 출발 아현도착 시간 알려주면 접선하러 갈게용"
2023-11-01 14:00:49,"Donna:)","Emoticon"
2023-11-01 14:00:57,"Donna:)","피오나님은 빈손으로 오셔야되요!!!!"
2023-11-01 14:01:03,"Donna:)","집주인이 살거에요!!!!"
2023-11-01 14:01:27,"OA 피오나님","크크크크크 넵 "
2023-11-01 14:01:35,"Donna:)","Photo"
2023-11-01 14:01:40,"Donna:)","빈손 중요!"
2023-11-01 14:07:06,"OA 피오나님","아이 깜짝이야 "
2023-11-01 14:23:03,"Donna:)","Photo"
2023-11-01 14:23:20,"Donna:)","지난번 재택했을땤ㅋㅋㅋ 자기랑 놀자고 느와르풍 분위기를 잡더라구요 ㅎㅎㅎㅎ"
2023-11-01 14:23:59,"OA 피오나님","짤 만들어서 tk에게 보내주고 싶어요 ㅋㅋㅋ어이 없을때마다 ㅋㅋㅋㅋ"
2023-11-01 14:29:40,"Donna:)","Photo"
2023-11-01 14:29:57,"Donna:)","오늘 cx팀이 인스타 받으셨는지.... 미르 스토킹하시더라구여..."
2023-11-01 14:30:05,"OA 피오나님","ㅋㅋㅋㅋ "
2023-11-01 14:30:52,"Donna:)","이제 미르도 바이바이..."
2023-11-01 14:31:20,"OA 피오나님","ㅋㅋㅋㅋ 퇴사와 동시에 찌구와도 이별하겠음"
2023-11-01 14:32:54,"Donna:)","다 보내줘요... 잘가라..."
2023-11-01 18:01:24,"Donna:)","노퀴덕분에 빠르게 역삼 탈출 중입니당!"
2023-11-01 18:01:43,"Donna:)","19시 정도 아현역 도착할거같아용"
2023-11-01 18:02:08,"OA 피오나님","맞춰서 갈게여!"
2023-11-01 18:02:34,"OA 피오나님","다나님 집 주소 부탁드려용"
2023-11-01 18:04:11,"Donna:)","신촌로 28길 50 마포더클래시 101동 711호"
2023-11-01 18:04:18,"Donna:)","미르네입니당!"
2023-11-01 18:04:37,"Donna:)","메뉴와 주종을 정해볼까용???"
2023-11-01 18:04:54,"OA 피오나님","저는 맥주만 빼고 다 좋아용"
2023-11-01 18:07:20,"Donna:)","아현시장에 새로생긴 와인샵이 있는데 거길 들려봐야겠어용!"
2023-11-01 18:07:34,"OA 피오나님","히힝"
2023-11-01 18:08:08,"OA 피오나님","곧 출발합니다 ㅋㅋ"
2023-11-01 18:08:37,"Donna:)","천천히 오세용! 저보다 먼저 도착하면 문을 열어드릴수가 없자나여ㅠㅠㅠㅠ"
2023-11-01 18:08:44,"Donna:)","메뉴는 뭐가 좋을까용 ㅎㅎㅎ"
2023-11-01 18:12:47,"OA 피오나님","오 저는 미르집사가 먹을 수 있능 거 전부여 ㅋㅋ"
2023-11-01 18:13:11,"OA 피오나님","점심은 짜파게티 끓여먹음 ㅋㅋ 아무거나 먹을 수 있는 상태입니당"
2023-11-01 18:14:16,"Donna:)","짜파게티는 식사가 아닌데...."
2023-11-01 18:16:25,"Donna:)","와인을 화이트 계열로 사고 해산물을 먹어볼까용? 회 괜찮으세용?"
2023-11-01 18:20:14,"OA 피오나님","좋습니당 너무 좋아용"
2023-11-01 18:27:02,"Donna:)","Emoticon"
2023-11-01 19:01:12,"Donna:)","와인 두병 겟!"
2023-11-01 19:07:54,"OA 피오나님","다나님 저 버스에서 내렸는데옹 어디세요? 아현시장 이세요? 위비앙 병원에서 만날까요? "
2023-11-01 19:08:17,"Donna:)","앗 저는 이미 더 안쪽이에용"
2023-11-01 19:08:27,"OA 피오나님","그럼 집으로 갈게요"
2023-11-01 19:09:09,"Donna:)","넴넴 천천히 오세용"
2023-11-02 01:19:19,"OA 피오나님","Photo"
2023-11-02 01:19:32,"OA 피오나님","가을이네요! 다나님 오늘 너무 고마웠어요."
2023-11-02 01:19:45,"OA 피오나님","잘 도착했어요, 잘자요:)"
2023-11-02 01:19:46,"Donna:)","ㅈ비에 잘 도착했어용??? 무민이가 수고했대용???"
2023-11-02 01:20:01,"Donna:)","무민이랑 피오나님도 좋은밤 되세용"
2023-11-02 01:20:05,"Donna:)","Emoticon"
2023-11-02 01:22:29,"OA 피오나님","넹 킁킁 냐옹 시전 중..!!"
2023-11-02 01:22:48,"OA 피오나님","동료로 너무 아껴주어 고마웠어요:) "
2023-11-02 01:23:48,"Donna:)","얼른 주무세용! 조금만 더 힘내면 되용!"
2023-11-02 01:25:42,"OA 피오나님","Emoticon"
2023-11-02 01:26:15,"OA 피오나님","Photo"
2023-11-02 01:51:09,"Donna:)","오구오구 무민이 담엔 같이 놀러왕 ㅋㅋㅋㅋ"
2023-11-02 10:13:57,"OA 피오나님","5 photos"
2023-11-02 10:14:11,"OA 피오나님","Video"
2023-11-02 10:14:21,"OA 피오나님","굿모닝 미르& 미르집사🙂 해장하고 좋은 하루 보내세요! "
2023-11-02 10:14:26,"OA 피오나님","Video"
2023-11-02 10:14:43,"OA 피오나님","Video"
2023-11-02 10:14:55,"OA 피오나님","Video"
2023-11-02 10:18:39,"Donna:)","피오나님 굿모냥"
2023-11-02 10:19:14,"Donna:)","미르랑 피오나님이 교감하는 사진을 찍었어야했는뒈ㅠㅠㅠ"
2023-11-02 10:19:41,"OA 피오나님","그런 찰나를 포착하는건 너무나 어려운 일이죵 ㅎㅎ 기억으로 충분합니다"
2023-11-02 10:19:51,"OA 피오나님","너무 영광이어써요 미르냥"
2023-11-02 10:20:44,"Donna:)","담에 오시면 그땐 꼭 제가 프래쉬 타이밍을 놓치지않고 노력해볼게용!"
2023-11-02 10:21:11,"Donna:)","근데 보노보노도 미르네 오면... 왠지 우정님이 주책맞은 두집사를 한심하게 쳐다볼거 같아요 ㅋㅋㅋㅋㅋㅋㅋㅋ"
2023-11-02 10:21:22,"Donna:)","영상으로 보니 주책바가지 그 잡챈데욬ㅋㅋ"
2023-11-02 10:22:20,"OA 피오나님","ㅋㅋㅋㅋㅋㅋ 거기에 산들 집사까지 있으면 최고겠네요 갑자기 상상됨 ㅋㅋㅋ"
2023-11-02 10:38:03,"Donna:)","대환장파티ㅋㅋㅋㅋ"
2023-11-02 14:33:26,"Donna:)","Photo"
2023-11-02 14:33:27,"Donna:)","살려주세효..."
2023-11-02 14:35:05,"OA 피오나님","귀에서 피가 철철"
2023-11-02 14:35:12,"OA 피오나님","강민님이 소식을 들으셨나여?"
2023-11-02 14:45:56,"Donna:)","Photo"
2023-11-02 14:46:02,"Donna:)","탈출성공!"
2023-11-02 14:46:20,"OA 피오나님","세상에ㅜ ㅋㅋㅋ"
2023-11-02 14:46:39,"Donna:)","결혼식때 클라우드님이 제근님한테 흘리고 제근님은 강민님한테 흘리고…"
2023-11-02 14:47:23,"Donna:)","어렴풋이 알고 계셨는데… 캘린더 보니까 다담주에 일주일 휴가 가시더라구요.. 그래서 말씀드려야될거 같아서 바쁘시냐고 물었더니"
2023-11-02 14:47:29,"OA 피오나님","아이쿠"
2023-11-02 14:47:30,"Donna:)","대뜸 전화가 와서 1시간 순삭 ㅋㅋㅋㅋㅋ"
2023-11-02 14:48:39,"Donna:)","피오나님은 낼 tk를 역삼에서 보시는거죵???"
2023-11-02 14:48:57,"Donna:)","강민님 내일 5시 이후에 tk랑 공덕에서 약속이 있다고 하셔서;;"
2023-11-02 14:49:16,"Donna:)","보니까 오후에 뭔가 공덕 외부 일정도 있고?"
2023-11-02 15:00:17,"OA 피오나님","오오 점심 이후에 가려고요 ㅎㅎ "
2023-11-02 15:00:39,"OA 피오나님","오전에 회의하고 ㅎㅎ "
2023-11-02 15:01:11,"OA 피오나님","제가 어제 한말로 역삼에 오시려고 하다면 그러지 않으셔도 됩니다! "
2023-11-02 15:01:18,"OA 피오나님","아임 토탈리 파인!"
2023-11-02 15:06:54,"Donna:)","저는 낼 저녁에 다른 약속이 있는건 아니라서 역삼 출근해도 상관없는데"
2023-11-02 15:07:33,"OA 피오나님","다나님 다나님 미르랑 재택 해요 역삼 멀어요!"
2023-11-02 15:07:33,"Donna:)","피오나님이 tk 못 보고 다시 역삼에 와야되는 불상사가 일어날까봐;;;"
2023-11-02 15:07:54,"OA 피오나님","그럼 조용히 책상에 놋북 두고 카드 두고 오면 되죵"
2023-11-02 15:08:07,"Donna:)","ㅋㅋㅋㅋㅋㅋㅋㅋㅋ"
2023-11-02 15:08:33,"Donna:)","그러다가 무슨 꼬투리 잡힐지 몰라요"
2023-11-02 15:08:43,"Donna:)","우정님 연차나 깎는 야박한 인간인걸요"
2023-11-02 15:12:09,"OA 피오나님","ㅎㅎㅎㅎ 진짜 ㅋㅋㅋㅋ"
2023-11-03 11:14:10,"OA 피오나님","다나님이 어제 예상하신데로 그를 공덕에서 만납니다 ㅋㅋㅋㅋ"
2023-11-03 11:15:06,"Donna:)","Emoticon"
2023-11-03 11:15:22,"Donna:)","역삼 갔다 엇갈리지 않아 다행이에요ㅠㅠㅠ"
2023-11-03 11:15:36,"OA 피오나님","아침에 연락 왔더라구요:) "
2023-11-03 11:15:39,"Donna:)","나 역삼 출근할라했는데... 안해도 되겠당 ㅎㅎ"
2023-11-03 11:15:59,"Donna:)","노트북에 돌덩이 달아서 반납해요"
2023-11-03 11:22:49,"Donna:)","공덕갔다가 저녁메이트 필요하면 불러주세용 ㅎㅎㅎ"
2023-11-03 11:25:08,"OA 피오나님","다정한 다나님💙"
2023-11-03 11:30:02,"Donna:)","공덕 마무리는 여윽시 녹기전에! ㅋㅋㅋㅋ"
2023-11-03 11:32:26,"OA 피오나님","오 그거 좋네요! 제가 오후에 연락 드릴게요"
2023-11-03 13:54:25,"OA 피오나님","반납 완료! "
2023-11-03 13:54:43,"OA 피오나님","혹시 다나님 삼계탕은 드세요? 닭죽?"
2023-11-03 13:54:56,"Donna:)","Emoticon"
2023-11-03 13:55:03,"Donna:)","이제 자유의 몸이에용??"
2023-11-03 13:55:12,"OA 피오나님","아뇨 오후에 미팅 있어요 오늘까지 근무"
2023-11-03 13:55:18,"OA 피오나님","반납만 빨리함 ㅋㅋㅋㅋ "
2023-11-03 13:55:22,"Donna:)","그래두 셀레브레이션에서 안녕 인사는 하실거죠??"
2023-11-03 13:55:28,"OA 피오나님","그럼요:)"
2023-11-03 13:55:36,"OA 피오나님","오메 고양이 슬픔"
2023-11-03 13:55:40,"Donna:)","넴넴 닭 먹어용!"
2023-11-03 13:56:19,"OA 피오나님","이따 저녁때 저랑 삼계탕 드실래요? 저 어제 부터 배탈나서 따뜻한 죽이랑 국물 먹고 싶어요!"
2023-11-03 13:56:40,"OA 피오나님","[카카오맵] 가보세 삼계탕
서울 마포구 독막로 258 (대흥동) https://kko.to/fu61IxhU4H"
2023-11-03 13:56:52,"OA 피오나님","제가 먹어본 맛집입니당"
2023-11-03 14:00:37,"Donna:)","왜 배탈난거죠ㅠㅠ 왜용... 무민이 헤어볼 주워드셨어용???"
2023-11-03 14:01:06,"OA 피오나님","어제 입맛이 없길래 냉동실에 있는 피자 먹었는데 그 다음부터 난리 ㅋㅋ"
2023-11-03 14:01:11,"OA 피오나님","헤어볼 ㅋㅋㅋ"
2023-11-03 14:01:20,"OA 피오나님","혹시 쉬고 싶음 편히 얘기해줘요"
2023-11-03 14:01:25,"Donna:)","좋아용 좋아용!"
2023-11-03 14:01:27,"OA 피오나님","월요일에 타코집에서 만나용"
2023-11-03 14:01:41,"Donna:)","저도 편도염 이후 계속 목이 칼칼 감기가 올락말락이니 몸보신 해야겠어료!"
2023-11-03 14:01:53,"OA 피오나님","제가 대접할게요!"
2023-11-03 14:02:05,"OA 피오나님","[카카오맵] 누아네
서울 마포구 백범로 112-1 1,2층 (대흥동) https://kko.to/TKyu0iCL15"
2023-11-03 14:02:22,"OA 피오나님","저는 여기 있을 예정입니다 근처에 출몰하시면 말씀해주세요 움직일께요! "
2023-11-03 14:02:29,"Donna:)","넴넴!"
2023-11-03 14:02:45,"Donna:)","대접하지 않으셔두되용! 오늘은 더치페이데이!"
2023-11-18 01:49:28,"Donna:)","미르네에 잘 도착했습니당!
맛있는 저녁과 꼬냑 귀요미 무민이까지 모두 감사해용"
2023-11-18 02:01:01,"OA 피오나님","유아올웨이즈웰컴!!
날 추운데 따숩게 하고 미르랑 꿀잠 자요!
주말 푹 쉬어요:)"
2023-11-18 02:02:15,"Donna:)","Emoticon"
2023-11-18 02:02:23,"Donna:)","피오나님도 어서 주무세용!"
2023-11-19 22:41:36,"Donna:)","Emoticon"
2023-11-19 22:41:53,"Donna:)","낼 진짜 우래옥에서... 정혜님 보는거 맞아용????"
2023-11-19 22:42:23,"Donna:)","우래옥.... 내일.... 정기휴무라는데요???? 매주 월...."
2023-11-19 22:43:18,"OA 피오나님","다나님 !! 제가 날짜를 착각했나봐요! 
정혜님과 만나는 날은 화요일입니다 "
2023-11-19 22:43:29,"OA 피오나님","큰일날뻔…"
2023-11-19 22:43:31,"OA 피오나님","ㅜㅜ"
2023-11-19 22:44:08,"Donna:)","ㅋㅋㅋㅋㅋ 어휴 다행이닼ㅋㅋㅋ"
2023-11-19 22:44:17,"Donna:)","냉면 못 드시는줄 알고 깜짝 놀랐넼ㅋㅋ"
2023-11-19 22:44:48,"OA 피오나님","ㅎㅎㅎ 낼 우래옥 갈 뻔 ㅋㅋㅋㅋ"
2023-11-19 22:45:11,"OA 피오나님","다나님 화요일 점심도 시간 괜찮아요?"
2023-11-19 22:50:24,"Donna:)","ㅋㅋㅋ 문닫힌 우래옥 갈뻔ㅋㅋㅋㅋ"
2023-11-19 22:50:31,"Donna:)","화욜 점심 괜찮아용 ㅎㅎㅎ"
2023-11-19 22:51:11,"OA 피오나님","저 혼자 헛걸음은 괜찮은데
다나님까지 추운데 애먹일뻔 ㅜㅜ "
2023-11-19 22:51:40,"OA 피오나님","그럼 화요일 1시에 만나요오!"
2023-11-19 22:53:28,"Donna:)","ㅋㅋㅋㅋㅋ 미리 알아서 다행이닼ㅋㅋㅋㅋ"
2023-11-19 22:53:32,"Donna:)","화욜에 봐용!"
2023-11-19 22:53:56,"OA 피오나님","Emoticon"
2023-11-19 22:54:17,"OA 피오나님","미르랑 굿나잇:)"
2023-11-20 10:10:24,"Donna:)","Photo"
2023-11-20 10:10:31,"Donna:)","까먹고 이제사 보냄 ㅋㅋㅋㅋ"
2023-11-20 10:11:13,"OA 피오나님","잘했어요!!"
2023-11-20 10:11:37,"OA 피오나님","주말에 잘 쉬었어여! 간도 잘 회복하구?"
2023-11-20 10:13:47,"Donna:)","주말에 할머니께 끌려다니느라 ㅋㅋㅋ배가 터지는줄 알았어요ㅠㅠㅋㅋㅋㅋ"
2023-11-20 10:15:01,"OA 피오나님","ㅎㅎ 할무니가 아주 잘하셨구만요!"
2023-12-23 10:49:41,"Donna:)","닭강정 한마리만 시켜도 되겠죵?? 두마리가 나을까용??"
2023-12-23 10:50:28,"OA 피오나님","한마리면 되지 않을까용?"
2023-12-23 10:50:47,"OA 피오나님","저도 곧 출발합니다! 도착하면 카톡 할게요. 그때 내려오셔요!"
2023-12-23 10:50:52,"Donna:)","은숙님도 매운거 못 먹으니 달콤으로 주문해야겠어용! "
2023-12-23 10:51:00,"Donna:)","조심히 오세용!"
2023-12-23 10:51:40,"OA 피오나님","넹! "
2023-12-23 11:17:44,"OA 피오나님","도착했어요!"
2023-12-23 23:15:03,"OA 피오나님","Photo"
2023-12-23 23:15:23,"OA 피오나님","딸기시루는 이런 존재였어요 원가 45 라는뎅"
2023-12-23 23:17:44,"Donna:)","두배로 팔다니 ㄷㄷㄷ"
2023-12-23 23:17:53,"Donna:)","무서운세상 ㄷㄷㄷ"
2023-12-23 23:18:12,"OA 피오나님","7시간 기다렸다고 ㅋㅋㅋㅋ"
2023-12-23 23:18:36,"OA 피오나님","다들 딸케에 진심이었음"
2023-12-23 23:24:05,"Donna:)","저걸 기다려서 사 먹을 생각을하다니 ㄷㄷㄷㄷ"
2024-01-19 08:41:13,"OA 피오나님","다나님 TGIF!
오늘만 출근하면 내일은 주말! 
출근 잘 해쬬? 아자아자!!!"
2024-01-19 08:57:53,"Donna:)","Emoticon"
2024-01-19 08:58:29,"Donna:)","아침에는 원래 미르가 무릎에 잘 안올라오는데..."
2024-01-19 08:59:00,"Donna:)","오늘은 출근하지 말라고 무릎에 앉아서 버티더라구요ㅠㅠㅠ
10분동안 궁디팡팡해주고 억지로 일어났는데ㅠㅠㅠ
일찍 퇴근하고 집에가서 미르 부둥부둥할거에요ㅠㅠㅠ"
2024-01-19 08:59:34,"Donna:)","피오나님도 즐거운 금요일 보내세용!"
2024-01-19 09:25:08,"OA 피오나님","사랑둥이 미이르💙
퇴근 10분전부터 준비했다가 칼퇴해서 미르의 성실한 집사의 임무를 수행하도록 해요! 
해피 프라이데이이이!!"
2024-01-22 13:52:35,"Donna:)","Photo"
2024-01-22 13:52:35,"Donna:)","아침에 징계관련 대표랑 면담하구 예정에 없던 재택에 무릎부터 냉큼 차지하신 주인님입니당 ㅎㅎ"
2024-01-22 13:54:04,"OA 피오나님","안그래도 소식 궁금했는데! 오늘 너무 춥던데 미르냥 난로와 함께 하는 재택이라니 너무 좋군요오"
2024-01-22 14:08:53,"Donna:)","이것은 뜨끈한건지 무거운건지...ㅋㅋㅋㅋ"
2024-01-22 14:12:42,"OA 피오나님","나도 무거워도 좋으니 무릎냥…"
2024-01-22 14:16:42,"Donna:)","피오나님 무릎지켜주려고 무민이가 참는거에요"
2024-01-22 14:17:04,"Donna:)","김미르는 누나 무릎 부수려고...흑ㅠㅠ"
2024-01-22 14:29:28,"OA 피오나님","아이코 우리 무민냥은 효자냥이기도 하지 지금도 난로 앞에서 녹고 있어요 ㅋㅋㅋㅋ"
2024-01-22 14:31:47,"Donna:)","부럽다 부러워… 효자냥이라니..."
2024-01-22 14:37:58,"OA 피오나님","주말에 캣페어 다녀왔어용? "
2024-01-22 14:43:40,"Donna:)","넴넴 가서 장난감만 사고 금방 왔어요 ㅎㅎㄹ 단돈 4만원밖에 안 썼다구용!"
2024-01-22 14:48:38,"OA 피오나님","오 다녀왔군요! 역시 다나님은 성실한 집사 ㅋㅋ 게다가 합리적이기도 하고 ㅋㅋ"
2024-01-22 14:54:19,"Donna:)","Video"
2024-01-22 14:54:26,"Donna:)","엄청 광고 때리는 그 쥐꼬리 낚시대를 사와봤답니다 ㅎㅎㅎㅎ "
2024-01-22 14:55:17,"OA 피오나님","오 반응이 엄청 좋네요 놀이터 개장했넹"
2024-01-22 14:57:36,"Donna:)","엄청 좋아라하더라구요 ㅎㅎㅎ 사온 보람있었어욬ㅋㅋ"
2024-01-22 14:59:30,"OA 피오나님","Emoticon"
2024-01-22 15:02:54,"Donna:)","조공 습식캔이 새로나와서 무민이 캔도 몇개 샀는데... 담에 가져다드릴게용 ㅎㄹ "
2024-01-22 15:03:43,"OA 피오나님","우왕 다나님 ㅜㅜ 감동 ㅜㅜ 고마어요!!"
2024-01-22 15:16:27,"Donna:)","흑… 하지만 무민냥은 내 맘도 모르고…
돌아오는건 하악질과 냥펀치 뿐…또륵.."
2024-01-22 15:52:10,"OA 피오나님","우리 다음에는 천천히 시간을 가지고 츄르로 유혹한다음 새벽에 놀아주도록 해요! 
다나님 마음은 무민냥이 다 알고 있답니다! "
2024-01-31 16:58:18,"Donna:)","Emoticon"
2024-01-31 16:58:37,"Donna:)","하늘초밥 포장하기 30분 전에 주문하면 될줄 알았는데...."
2024-01-31 16:58:52,"Donna:)","전화했더니 지금 주문하면 저녁 7시반에 받는게 젤 빠른거래요....ㅠㅠ"
2024-01-31 16:59:06,"Donna:)","미리 예약해야된대요ㅠㅠㅠㅠ"
2024-01-31 16:59:09,"OA 피오나님","헛 치열한 곳이군요 ㅋㅋㅋㅋㅋ"
2024-01-31 16:59:18,"Donna:)","어떡하죵 ㅠㅠㅠ"
2024-01-31 16:59:20,"OA 피오나님","다른거 먹음 되죵 흐흣"
2024-01-31 16:59:42,"OA 피오나님","미르랑 다나님을 보러 가는거니까 으흣"
2024-01-31 16:59:43,"Donna:)","수욜날 아직 날도 훤한데...."
2024-01-31 16:59:53,"Donna:)","우째 이런일이... ㄷㄷ"
2024-01-31 17:00:11,"OA 피오나님","ㅎㅎㅎ 인기맛집이었어 ㅎㅎ "
2024-01-31 17:00:44,"OA 피오나님","다나님 먹고싶은걸로 먹어용 전 다 좋아요 흐흣"
2024-01-31 17:02:09,"Donna:)","전화도 안받아서 몇번을 해서 겨우 연결됬는데ㅠㅠ 포장도 예약이라니 ㄷㄷㄷㄷ"
2024-01-31 17:02:32,"OA 피오나님","허허허허 퐈이팅 넘처야 먹을 수 있는 곳이라니 ㅋㅋㅋㅋ"
2024-01-31 17:02:43,"Donna:)","다른 초밥집을 찾아보겠어요!!!"
2024-01-31 17:03:11,"OA 피오나님","꼭 초밥 아니어도 되용 no부담 ㅋㅋ"
2024-01-31 17:04:16,"Donna:)","초밥 먹고싶어서 오늘만을 기다렸다구여"
2024-01-31 17:04:29,"OA 피오나님","히융"
2024-01-31 17:04:38,"OA 피오나님","아니면 7시반에 먹어도 돼용"
2024-01-31 17:04:51,"OA 피오나님","제가 가는길에 픽업해도 되요"
2024-01-31 17:06:05,"Donna:)","다른 초밥집을 찾아보겠어요!"
2024-01-31 17:06:43,"OA 피오나님","넵 저도 나갈 준비해볼게용"
2024-01-31 17:41:06,"Donna:)","This message was deleted."
2024-01-31 17:41:18,"Donna:)","초밥이 집으로 오고있대요"
2024-01-31 17:41:30,"OA 피오나님","꺄앙"
2024-01-31 17:41:36,"Donna:)","미르는 오늘 출근 안 한 집사가 매우 맘에 들어 기분이 매우 좋아용"
2024-01-31 17:41:38,"OA 피오나님","저도 가고싶어요 버스에 실려서 ㅋㅋ"
2024-01-31 17:41:42,"Donna:)","Photo"
2024-01-31 17:42:00,"OA 피오나님","저 평화를 곧 깨게 되어 약간 미안한 마음이 ㅋㅋㅋ"
2024-01-31 17:42:12,"Donna:)","Photo"
2024-01-31 17:42:18,"Donna:)","어제 이미 피를 왕창 보셔서...."
2024-01-31 17:42:24,"Donna:)","흉폭함이 좀 잦아있어욬ㅋㅋㅋ"
2024-01-31 17:42:32,"OA 피오나님","어맛 저 손은 무엇이죠 ㅠㅠ "
2024-01-31 17:43:48,"Donna:)","흑렴룡의 영역표시?"
2024-01-31 17:43:52,"OA 피오나님","위 고양과 아래 고양이는 지킬앤하이드 느낌 ㅋㅋㅋㅋ"
2024-01-31 17:54:14,"Donna:)","어서오세용! 오늘은 지킬이에요"
2024-01-31 17:54:35,"Donna:)","Photo"
2024-01-31 17:55:25,"OA 피오나님","Emoticon"
2024-01-31 17:55:30,"OA 피오나님","Emoticon"
2024-01-31 20:30:04,"OA 피오나님","6 photos"
2024-01-31 20:30:21,"OA 피오나님","Video"
2024-01-31 20:30:38,"OA 피오나님","Video"
2024-01-31 20:32:16,"OA 피오나님","Video"
2024-01-31 20:32:24,"OA 피오나님","Video"
2024-01-31 20:33:52,"OA 피오나님","Video"
2024-01-31 20:35:16,"OA 피오나님","Video"
2024-01-31 22:03:52,"OA 피오나님","2 photos"
2024-01-31 22:04:21,"Donna:)","Photo"
2024-01-31 23:45:20,"OA 피오나님","6 photos"
2024-01-31 23:47:22,"OA 피오나님","다나님! 오늘 고마웠어요, 미르와 다나님 보며 소소한 행복을 느끼게되는 저녁 시간이었답니다. 생일케이크랑 선물도 너무 고마워요:) "
2024-02-01 00:13:31,"Donna:)","이제 무민냥과의 행복을 찾아보아용!"
2024-02-01 00:42:19,"OA 피오나님","Photo"
2024-02-01 00:42:52,"OA 피오나님","통통하고 짧은 발을 냠냠💙"
2024-02-01 09:05:04,"Donna:)","벌써 또 꼬질해진 무민이 발 ㅋㅋㅋ"
2024-02-01 09:05:51,"OA 피오나님","저 백수 다나님.. 늦잠 주무셔야죠 ㅋㅋ"
2024-02-01 09:06:20,"Donna:)","평소보다 한시간 반이나 늦게일어났는걸요!"
2024-02-01 09:06:51,"OA 피오나님","다시 침대로 들어가서 뒹굴뒹굴 하는게 백수의 특권.."
2024-02-01 09:10:04,"Donna:)","아침 청소하고 미르 밥물그릇도 새로 씻어주고 운동가야죠 ㅎㅎㅎ"
2024-02-01 09:10:42,"OA 피오나님","이런 성실한 집사👍🏻"
2024-02-01 10:57:07,"Donna:)","무민이는 썬캐처를 맘에 들어하나용?"
2024-02-01 11:08:07,"OA 피오나님","아침에 일이 있어서 아직 못 달았어요 ㅋㅋ"
2024-02-01 11:08:17,"OA 피오나님","병원일로 보험사랑 사투중 ㅠㅠ"
2024-02-01 11:08:22,"OA 피오나님","기빨려요.."
2024-02-01 11:15:47,"Donna:)","흐아아아아...."
2024-02-01 11:16:00,"Donna:)","내돈내고 내가받는건데 왜ㅠㅠ"
2024-02-01 11:16:10,"Donna:)","힘들다 힘드렁.."
2024-02-01 12:42:53,"OA 피오나님","그니까요 흑흑
"
2024-02-01 12:43:02,"OA 피오나님","그레도 일단락 하고 점심 챙겨먹었습니당"
2024-02-01 12:43:08,"OA 피오나님","다나님 운동 잘 다녀왔어용?"
2024-02-01 13:02:04,"Donna:)","넴넴 아침 운동하구 점심 챙겨먹었지용 ㅎㅎㄹ"
2024-02-01 13:02:25,"Donna:)","Photo"
2024-02-01 13:02:49,"Donna:)","아직은 집에 있는 집사가 성가시지않은 주인님입니당 ㅎㅎㅎ"
2024-02-01 13:03:50,"OA 피오나님","아주 주인님이 생기가 도는군요"
2024-02-01 13:04:31,"OA 피오나님","Photo"
2024-02-01 13:04:38,"OA 피오나님","무민냥은 녹고있어용"
2024-02-01 13:22:47,"Donna:)","무민이..작고 소듕해..."
2024-02-01 13:29:03,"OA 피오나님","미르는 용맹하고 소중해.."
2024-02-01 15:02:28,"OA 피오나님","Photo"
2024-02-01 15:02:38,"OA 피오나님","너무 예뻐요, 고마워요! "
2024-02-01 15:18:00,"Donna:)","무민이랑 피오나님이 건강하고 행복하게 해주세요 해님"
2024-02-01 15:40:40,"OA 피오나님","미르가 용맹하게 지구별 탐험을 오래하고 승천하라고도 빌었어요 ㅎㅎ"
2024-02-01 16:21:42,"Donna:)","으악.... 집사는 등골이 휘겠네욬ㅋㅋㅋ"
2024-02-03 10:36:10,"Donna:)","Photo"
2024-02-03 10:36:35,"Donna:)","피오나님 생일을 축하합니다옹
무닌냥과 행복한 하루 보내세용"
2024-02-03 10:44:04,"OA 피오나님","미르가 부비부비 해주는 느낌이네용! 생일 축하해줘서 고마워요! 무민냥과 행복하게 보내겠습니다! "
2024-02-22 12:15:45,"Donna:)","흑... 피오나님도 어제 늦게라도 압구정 가신건가요.... 부럽다... 나두 어진님 정혜님 보고싶었는데...ㅠㅠ"
2024-02-22 12:16:04,"OA 피오나님","찌찌뽕"
2024-02-22 12:16:09,"OA 피오나님","Photo"
2024-02-22 12:16:32,"OA 피오나님","채널 돌리다가 이걸 발견하고 보고 있다고 카톡을 보낼 참이었어용"
2024-02-22 12:17:16,"OA 피오나님","사람들 보고싶어서 늦게라도 휙 다녀왔어요. 다나님 생각을 했답니당"
2024-02-22 12:17:40,"Donna:)","ㅋㅋㅋㅋ 범인은 바로 너!"
2024-02-22 12:17:58,"OA 피오나님","저 이거 처음 봐요 너무 신기"
2024-02-22 12:18:32,"Donna:)","어떻게 코난을 안 볼수가 있죠????"
2024-02-22 12:18:46,"OA 피오나님","ㅋㅋㅋ 봐야겠네 ㅋㅋㅋ "
2024-02-22 12:18:57,"Donna:)","베르사유보다 명코라구요!!!"
2024-02-22 12:19:39,"OA 피오나님","호오 저는 추리물보다 로맨스 파 이지만! "
2024-02-22 12:19:46,"OA 피오나님","보고있습니당"
2024-02-22 12:20:19,"OA 피오나님","어진민수나영님은 그냥 저냥 지내고 계신듯 합니당"
2024-02-22 12:20:54,"OA 피오나님","사람들이 나가고 tk는 여전하고 회사는 rc 한다고 했다가 다시 ru 한다고 했다가 그러고 있대요.."
2024-02-22 12:21:03,"Donna:)","명코에는 별거중인 유명한 탐정부터 풋풋한 고딩커플 미란이 남도일까지 다영하게 골라드실 수 있다구요!!!ㅋㅋㅋㅋ"
2024-02-22 12:21:42,"OA 피오나님","지금 미란이가 나오고 있어용"
2024-02-22 12:22:45,"Donna:)","Tk는 역시 발전이 없군요 ㅎㅎ 
어진님 민수님이 고생이죠ㅠㅠ 나영님은 걍 신경 안 쓰고 편한갈 택하신듯"
2024-02-22 12:23:22,"OA 피오나님","휴대용/ 전시용 rc 겸 ru 같은 걸 만들었고 그는 mwc 에 간대여.."
2024-02-22 12:23:33,"OA 피오나님","민슈님과 강민님이 고생하신듯"
2024-02-22 12:23:56,"OA 피오나님","어진님 5월에 마포로 이사오신대요 "
2024-02-22 12:24:07,"Donna:)","얏호!"
2024-02-22 12:24:18,"Donna:)","마포 반상회를 다시 가동해야되겠군요 후후"
2024-02-22 12:24:30,"OA 피오나님","히히 좋아요"
2024-02-22 12:24:36,"Donna:)","어진님 주니어를 볼 수 있는건가요"
2024-02-22 12:24:56,"OA 피오나님","아 그 수줍은 소년을 볼수 있는 것인강"
2024-02-22 12:25:12,"Donna:)","어진님 주니어도 낯을 많이 가리나요???"
2024-02-22 12:25:54,"OA 피오나님","넹 수줍은 소년입니당"
2024-02-22 12:26:01,"OA 피오나님","어진님 쥬니어기 때문이죵"
2024-02-22 12:27:54,"Donna:)","Emoticon"
2024-02-22 12:28:20,"Donna:)","하지만 극성 이모는 i를 가만 두지 않지 ㅋㅋㅋㅋㅋㅋ"
2024-02-22 12:28:32,"OA 피오나님","조합 기대되는데욘"
2024-02-22 12:29:05,"Donna:)","어진님이 결국 마포로 오시다니! 성대한 축하파티를 해야겠군여!ㅋㅋㅋ"
2024-02-22 12:29:45,"OA 피오나님","어진님에겐 유치원을 다시 찾으셔야하는 미션이 있지만 신나하고 계세용 이번엔 오래 계실거래용"
2024-02-27 10:20:21,"Donna:)","굿모닝 피오나님:) 
어제 병원은 잘 다녀오셨나요ㅠㅠ 고생하셨어용 ㅠㅠ"
2024-02-27 10:21:29,"Donna:)","피오나님이 예전에 나눔한 유산균.... 미르 먹던거 다 먹이고 어제 첨 건식에 섞어서 줬는데.... 미르가... 미르가.. 밥을 보이콧했어요ㅠㅠㅠ "
2024-02-27 10:24:52,"Donna:)","그래두 피오나님의 아이스팩 덕분에 아침저녁 잘 찜질하고 있습니당!"
2024-02-27 10:24:57,"Donna:)","Emoticon"
2024-02-27 11:48:37,"OA 피오나님","다나님 회복 잘 하고 잇어요? 찜질 잘 하고 회복하고 있다니 좋네요 ㅎㅎ"
2024-02-27 11:48:57,"OA 피오나님","미르가 간식을 보이콧 하다니 유산균 냄새다 어색한가봐요 ㅜㅜ"
2024-02-27 11:55:28,"Donna:)","유산균 냄새 별로 안 나는거 같았는데ㅠ 
진짜 까탈스러운 상전 ㄷㄷ"
2024-02-27 11:55:53,"Donna:)","발은 붓기는 거의 빠진거 같은데...
아직도 움직이기엔 통증이ㅠㅠ 언제 낫는걸까요ㅠㅠ"
2024-02-27 12:03:05,"OA 피오나님","병원에선 뭐라고 해요? 
아직 통증이 있군요 ㅠㅠ 움직이지 못해서 답답하겠다 ㅜㅜ"
2024-02-27 12:03:38,"Donna:)","아직 멀었다던데요... 또륵...."
2024-02-27 12:04:27,"Donna:)","환자분이 할 수 있는건 아무것도 없으니
가만히 있는게 도와주는거다 
움직이지 마세요...라던데요...눙물..."
2024-02-27 12:07:24,"OA 피오나님","아이쿠야… 미르만 집사 충전해서 좋겠어요 "
2024-02-27 12:07:44,"OA 피오나님","그래도 가만히 잘 있으니까 다나님 착하다"
2024-02-27 12:07:52,"OA 피오나님","Emoticon"
2024-02-27 12:09:57,"Donna:)","운동하러가고싶다..."
2024-02-27 12:10:05,"Donna:)","김미르랑 술래잡기하고싶다..."
2024-02-27 12:10:29,"Donna:)","하지만 김미르는 어제 유산균 급여한 집사한테 삐져서 근처도 안와요ㅠㅠㅠ"
2024-02-27 12:10:46,"OA 피오나님","너무 그 마음 알죠..ㅠㅠ 다나님 운동 해도 된다고 그러면 바로 물에 둥둥 뜨러가요"
2024-02-27 12:11:13,"OA 피오나님","유산균 충격이 컸나보네요 어쪄.. 무민냥은 잘 먹는 거라 괜찮을 줄 알았는데 ㅜㅜ"
2024-02-27 12:11:49,"Donna:)","나쁜 냥..."
2024-02-27 12:12:02,"Donna:)","누나 간호도 안 해주고 놀아주지도 않고.."
2024-02-27 12:12:40,"OA 피오나님","Photo"
2024-02-27 12:12:42,"Donna:)","피오나님은 병원 투어는 잘 끝났어용?? 
또 검사하러 오래요??ㅠㅠ"
2024-02-27 12:12:47,"OA 피오나님","고냥들은 눕기만 해요 "
2024-02-27 12:13:12,"OA 피오나님","제 병원 투어는 아직 끝나지 않았어요 검사했으니 결과 들으러 가야죠.."
2024-02-27 12:13:38,"Donna:)","무민이 딍굴뒹굴"
2024-02-27 12:13:46,"OA 피오나님","어제 잠깐 현타 왓지만 다시 씩씩해졌어용"
2024-02-27 12:14:45,"Donna:)","원래 병원이 그르쵸ㅠㅠ 
지갑만 털어가고....
저도 어제 물치 안 갔어요.... 지갑만 털어가고 발은 아직두 아프고 부들부들하다가 ㅎㅎ"
2024-02-27 12:15:20,"Donna:)","이제 비대면 진료한다면서 결과정도는 전화로 알려줘라!"
2024-02-27 12:15:36,"Donna:)","왜 사람 오라가라하고 돈도 뜯어가고 나쁜 병원"
2024-02-27 12:21:11,"OA 피오나님","어제 10시 외래 보고 4시 검사해가지고 기빨렸어요 ㅎ"
2024-02-27 12:21:30,"OA 피오나님","물치라니 갈치 친구인가 갈치는 맛있기라도 하지 "
2024-02-27 12:21:58,"OA 피오나님","다나님 다리도 아픈데 방문 진료 해줘야지 말야 ㅋㅋㅋ"
2024-02-27 12:22:07,"Donna:)","역시... 무민이가 생선 좋아하는 이유가 있었...."
2024-02-27 12:22:41,"Donna:)","6시간 대기라니.... 최저시급 쳐줘라!"
2024-02-27 12:33:57,"OA 피오나님","밥은 잘 먹고 있죠? 저는 입맛이 없어서 샌디치 배달을 선택했어요 흐훗"
2024-02-27 12:40:51,"Donna:)","역시 기운 없을 땐 빵! 탄수 앞으로!"
2024-02-27 12:41:16,"Donna:)","제 냉장고는 아직 빵빵하답니다
할머니가 정월대보름 오곡밥과 나물을 왕창 해주셔서 ㅎㅎ "
2024-02-27 13:01:55,"OA 피오나님","크흐 역시 그랜마 찬스!"
2024-02-27 13:02:03,"OA 피오나님","귀찮지만 잘 챙겨먹어야해용"
2024-02-27 13:06:35,"Donna:)","밥 챙겨먹기는 귀찮은데 군것질만 늘어가는 중이에요 ㅋㅋ"
2024-02-27 13:06:44,"Donna:)","피오나님이야말로 잘 챙겨드셔여죠!"
2024-02-27 13:06:49,"Donna:)","병원투어는 밥심! "
2024-02-27 13:07:26,"OA 피오나님","전 잘 먹고 있어요, 힛!  "
2024-02-27 13:11:44,"Donna:)","병원 근처 베이커리 뿌시기 해요!"
2024-02-27 15:32:09,"OA 피오나님","오곡밥이랑 나물 맛있게 먹엇어용"
2024-02-27 15:32:11,"OA 피오나님","?"
2024-02-27 15:32:42,"Donna:)","넴 ㅎㅎ 뷰지론히 물치받으러 가는 중이에요"
2024-02-27 15:33:02,"Donna:)","병원가는건 걸어도 되니까 ㅎㅎㅎ"
2024-02-27 15:42:51,"OA 피오나님","잘했어요, 잘 받고 와요!!"
2024-02-27 16:11:43,"Donna:)","Photo"
2024-02-27 16:11:57,"Donna:)","외출 전 주인님과 화해하고 재우고 나오기 ㅎㅎ"
2024-02-27 16:13:50,"OA 피오나님","에휴 천사같네요"
2024-02-27 16:14:09,"OA 피오나님","우리 미르냥"
2024-02-27 16:18:31,"Donna:)","아직도 잘 때는 아가같아요..."
2024-03-01 14:42:51,"OA 피오나님","Photo"
2024-03-01 15:13:43,"Donna:)","오늘은 간만에 햇살 좋은 일광욕 하는 날 ㅎㅎㅎ "
2024-03-01 15:15:01,"OA 피오나님","너무 예뻐서 한참 봤어용 햇살냥이들"
2024-03-01 15:17:01,"Donna:)","찬란한 냥무민 ㅎㅎ"
2024-03-01 15:19:24,"OA 피오나님","햇살좋은날 다나님은 뭐하고 있어요?"
2024-03-01 15:19:37,"OA 피오나님","다리는 좀 어때요?"
2024-03-01 15:22:38,"Donna:)","저도 아까 볕 들때 베란다에서 일광욕하면서 책보다가 ㅎㅎ 이제 밥 먹으려구요 ㅎㅎ"
2024-03-01 15:23:20,"Donna:)","발은 그냥저냥 잘 모르겠어요.... 많이 걸으면 아프고... 안 걸으면 그래두 괜찮구..."
2024-03-01 15:23:51,"Donna:)","담주부턴 공부하러 공덕가야되는데....."
2024-03-01 15:23:56,"OA 피오나님","시간이 조끔 더 필요한가보네용 ㅜ "
2024-03-01 15:24:02,"OA 피오나님","공부? 공덕? "
2024-03-01 15:24:28,"Donna:)","넴넴 공덕에서 무슨 개발교육 무료로하는게 있어서 신청했거든요... "
2024-03-01 15:24:44,"OA 피오나님","아하! "
2024-03-01 15:25:42,"Donna:)","아침 저녁로 찜질 잘해주면 그래두 통증은 금방 가라앉아용 ㅎㅎ 
이제 발도 노랭이로 멍이 빠지는 중이지용"
2024-03-01 15:26:12,"OA 피오나님","밥 잘먹고 약 잘먹고 있으면 시간이 해결해줄거에요! "
2024-03-01 15:26:20,"OA 피오나님","점심 메뉴는 먼가용"
2024-03-01 15:26:49,"Donna:)","이제 2주 지났고... 2주 더 남았으니...흑흑... "
2024-03-01 15:27:25,"Donna:)","점심은 저번에 먹다 남겨 얼려둔 피자!"
2024-03-01 15:27:54,"OA 피오나님","핏자! 츄르릅"
2024-03-01 15:31:58,"Donna:)","피오나님은 오늘은 무미이랑 뒹굴뒹굴하는 날인가용?"
2024-03-01 15:39:06,"OA 피오나님","넹 며칠 스케쥴이 힘들어서 오늘 쉬려고요:-)"
2024-03-05 14:03:44,"Donna:)","2 photos"
2024-03-05 14:03:59,"Donna:)","귀여운척 애교부려요..."
2024-03-05 14:04:27,"Donna:)","요새 부쩍 요 스크래처에서 뒹굴부비해요 ㅎㅎ"
2024-03-05 14:04:58,"OA 피오나님","귀여운 척이라니요! 심쿵 귀여운걸요 "
2024-03-05 14:05:15,"Donna:)","Photo"
2024-03-05 14:05:23,"OA 피오나님","날이 따뜻해져서 냥이들이 컨디션이 좋은듯"
2024-03-05 14:05:24,"Donna:)","이미 집사 무릎을 부셨는걸요...ㅋㅋㅋㅋ"
2024-03-05 14:05:27,"OA 피오나님","ㅋㅋㅋㅋ"
2024-03-05 14:05:36,"OA 피오나님","집사 발목이 아니어서 다행이네요"
2024-03-05 14:05:46,"OA 피오나님","무릎은 문제 없지 암"
2024-03-05 14:05:57,"Donna:)","연결되어 있다구용!"
2024-03-05 14:06:13,"Donna:)","무민냥 컨디션도 좋은가요므"
2024-03-05 14:06:15,"Donna:)","?"
2024-03-05 14:06:53,"OA 피오나님","Video"
2024-03-05 14:17:33,"Donna:)","오구오구 일광욕하면서 그루밍해요"
2024-03-05 14:17:37,"Donna:)","오구오구 천상 고양이네"
2024-03-05 14:18:32,"OA 피오나님","오늘 아니고 어제용"
2024-03-05 14:18:40,"OA 피오나님","찹살똑 냠냠"
2024-03-05 14:18:53,"Donna:)","오늘도 피오나님네는 해가 저렇게 잘 드는줄 알고"
2024-03-05 14:19:00,"Donna:)","좋은 집이라도 생각하고 있었...ㅋㅋㅋ"
2024-03-05 14:19:11,"OA 피오나님","노노 오늘 오후부터 비온데용"
2024-03-05 14:19:51,"OA 피오나님","물치 다녀왔어요? 다리는 어때용?"
2024-03-05 14:20:23,"Donna:)","오늘 비 온대서 어제 물치 다녀왔지요 ㅎㅎ"
2024-03-05 14:20:52,"OA 피오나님","참 잘했어용"
2024-03-05 14:20:57,"Donna:)","아직도 발은 알록달록 ㅠㅠ 그래두 발가락은 잘 움직일 수 있는데 복숭아뼈쪽이 아직 통증이 심해서ㅠㅠ"
2024-03-05 14:21:15,"Donna:)","15일날 검사 한번 더 해서 뼈라 인대 잘 붙었나보고 풀자고 그때까지 좀 더 참으래요ㅠㅠ"
2024-03-05 14:21:23,"OA 피오나님","통증이 아직 심해요? ㅜㅜㅜ"
2024-03-05 14:21:55,"OA 피오나님","생각보다 많이 다친거 같네요 흠.."
2024-03-05 14:22:18,"OA 피오나님","인대 손상이 있는것도 같고.."
2024-03-05 14:22:32,"Donna:)","심하진 않아용! 이제 살금살금 걸을땐 괜찮은데 발목 움직이는건 아직 힘들어요ㅠㅠ"
2024-03-05 14:22:55,"OA 피오나님","에이쿠 고생이 많아요"
2024-03-05 14:22:57,"Donna:)","발끝포인 플렉스ㅠㅠ 이런거하면 찢어지는 느낌이...ㅠㅠ"
2024-03-05 14:23:06,"OA 피오나님","그런거 하면 안되요…"
2024-03-05 14:23:12,"OA 피오나님","포인플렉스 노노"
2024-03-05 14:23:16,"OA 피오나님","가만히 예스.."
2024-03-05 14:23:16,"Donna:)","요가하려면 그런거 해야되는데ㅠㅠㅠ"
2024-03-05 14:23:29,"OA 피오나님","요가라니요.."
2024-03-05 14:23:34,"Donna:)","수영..... 자수...."
2024-03-05 14:23:47,"Donna:)","바지 입을때도 발끝 플렉스....ㅋㅋㅋㅋ"
2024-03-05 14:23:52,"OA 피오나님","아 바지.."
2024-03-05 14:24:25,"OA 피오나님","다나님 토욜 우정님 결혼식 갈 수 있어요?"
2024-03-05 14:24:34,"Donna:)","넴넴!"
2024-03-05 14:24:37,"Donna:)","갈수있어용!"
2024-03-05 14:24:43,"OA 피오나님","어떻게요??"
2024-03-05 14:24:46,"Donna:)","2호선 타고 앉아있음 되니까요!"
2024-03-05 14:24:47,"OA 피오나님","????!!!!"
2024-03-05 14:24:52,"OA 피오나님","오 마이.."
2024-03-05 14:25:12,"Donna:)","선릉역!"
2024-03-05 14:25:20,"OA 피오나님","흠 .. 제가 차 가지고 가고 일찍 움직일까요?"
2024-03-05 14:25:36,"OA 피오나님","꼭 가시겠다면 그런 방법은 어때요? 크크"
2024-03-05 14:26:15,"OA 피오나님","지하철 플랫폼 가시능 것부터 무리이지 않을까요?ㅜㅜ "
2024-03-05 14:26:54,"Donna:)","지하철 탈 수 있어용! 아현역엔 엘베가 있는걸요!"
2024-03-05 14:27:09,"Donna:)","주말이라 넘 많이 막혀서 동키가 힘들어할텐데..."
2024-03-05 14:27:13,"OA 피오나님","허허.."
2024-03-05 14:28:16,"OA 피오나님","약간 언젠가 가겠지.. 그리고 오겠지 하는 마음으로 가면 되긴 한데 ㅎㅎ  
저도 차 가지고 갈까 말까 고민하는 중이긴 해용"
2024-03-05 14:28:39,"Donna:)","그리두 결혼식장은 언제나 주차대란이자나여ㅠㅠ"
2024-03-05 14:29:04,"OA 피오나님","보노보노가 주차장 넓은 편이라 그러긴 했어룡"
2024-03-05 14:30:35,"Donna:)","선릉... 주말... 넘나 험난한 루트일거 같아서...."
2024-03-05 14:31:01,"Donna:)","루트루트 귀염둥이 정우 ㅋㅋㅋ"
2024-03-05 14:31:33,"OA 피오나님","제가 좀 고민해볼게요! 만약 차 가지고 가면 픽업하는 걸로 할게용! 일찍 출발하게 될텐데 그건 괜찮아요? "
2024-03-05 14:32:31,"Donna:)","넴넴 토욜은 다른 일정 엄서용! "
2024-03-05 14:32:53,"Donna:)","운전 힘들것 같으면 무리하지 마세용!"
2024-03-05 14:32:58,"Donna:)","동키는 소중하니까요!"
2024-03-05 14:33:30,"Donna:)","전 이미 깁스 3주차라 워킹마스터가 된 기분인데....(winks)"
2024-03-05 14:33:57,"OA 피오나님","동네 워킹 마스터랑 강남 나들이는 다르니까 걱정이 됩니다 ㅋㅋ"
2024-03-05 14:34:08,"OA 피오나님","다나님의 빠른 회복과 자수를 위해!"
2024-03-05 14:34:46,"Donna:)","노노 마스터에게 낭하바리는 중요하지 않다! 장소불문!ㅌㅋㅋㅋ"
2024-03-05 14:34:53,"Donna:)","*나와바리"
2024-03-05 14:35:35,"OA 피오나님","오 나와바리를 아시다니 "
2024-03-05 14:35:45,"OA 피오나님","저랑 동시대를 사셨군여 ㅋㅋ"
2024-03-05 14:36:54,"Donna:)","그럼요! 옛날사람이라구욬ㅋㅋ"
2024-03-07 20:43:49,"Donna:)","Photo"
2024-03-07 20:43:59,"Donna:)","김간호사도 한번 체험해보았습니당 ㅋㅋㅋ"
2024-03-07 20:44:25,"Donna:)","털옷이 두꺼워서 그런지 한 3분지나니 화들짝 놀라 몸부림치네욬ㅋㅋ"
2024-03-07 20:47:30,"OA 피오나님","김간호사가 눈으로 욕을 했을 거 같은데요 ㅋㅋㅋㅋ"
2024-03-07 20:48:07,"Donna:)","아이스팩 물어뜯기 전에 냉큼 치워드렸습니당 ㅋㅋㅋ"
2024-03-07 20:50:28,"OA 피오나님","ㅋㅋㅋㅋㅋ  아이스팩은 소중하니까!"
2024-03-07 20:52:16,"Donna:)","피오나님함테 선물받은 소듕한 아이스팩이니까!"
2024-03-07 20:55:26,"OA 피오나님","히힝"
2024-03-07 20:57:57,"OA 피오나님","Photo"
2024-03-07 20:58:04,"OA 피오나님","무민냥이 보고싶데요"
2024-03-07 21:17:12,"Donna:)","후엥 나두나두 무민냥 보고싶다옹... 
김간호사는 너무 터프해ㅠㅠ"
2024-03-07 21:19:23,"Donna:)","무민냥의 짧은 다리... 
꼬질꼬질한 앞발... 
하찮은 하악질..."
2024-03-07 21:19:35,"Donna:)","Emoticon"
2024-03-08 13:13:42,"Donna:)","내일 어진님도 차를 가져가시나봐용...
피오나님도 같이 한번에 카풀을 하는건 어떠신가용?"
2024-03-08 13:14:07,"Donna:)","근데 전 진짜 지하철 타도 되는데...."
2024-03-08 13:14:31,"Donna:)","사실 구냥 결혼식 핑계로 쟈철도 타고 바깥 구경하고 싶은 환자...또륵..ㅋㅋㅋ"
2024-03-08 13:15:32,"OA 피오나님","안그래도 얘기중"
2024-03-08 13:15:43,"OA 피오나님","나 다나님 꿈에도 나왔잖아요 ㅋㅋㅋ"
2024-03-08 13:15:48,"OA 피오나님","잠시 기다려봐용"
2024-03-08 13:15:53,"Donna:)","냥?????"
2024-03-08 13:16:02,"Donna:)","제 꿈에 어제 다녀가셨어용???"
2024-03-08 13:16:27,"Donna:)","Photo"
2024-03-08 13:19:57,"OA 피오나님","Photo"
2024-03-08 13:20:13,"OA 피오나님","무민냥 꿈엔 미르가 다녀갔을까영"
2024-03-08 13:22:34,"Donna:)","오구오구"
2024-03-08 13:22:42,"Donna:)","미르가 다녀갔으묜 무민이 가위눌려서 안되욬ㅋㅋㅋ"
2024-03-08 13:34:42,"OA 피오나님","어제 무민냥이 밤새 우다다를 한게 미르가 꿈에 다녀간게 맞는듯합니당"
2024-03-08 13:35:19,"Donna:)","꺅! 김미르가 범인이 확실합니당 ㄷㄷㄷ"
2024-03-08 13:36:26,"OA 피오나님","내일 12시까지 미르네로 갈께요, 
저 차량등록 좀 부탁드려요! 
30우 9464!"
2024-03-08 13:38:12,"Donna:)","알겠습니당!"
2024-03-08 13:38:27,"Donna:)","축의금을 오늘 미리 찾아놔야겠군용!"
2024-03-08 13:46:27,"OA 피오나님","식장에 atm 있을테니 무리 마시고용"
2024-03-08 13:46:36,"OA 피오나님","물치 다녀왔나요? 다리는 어떠십니깡"
2024-03-08 14:05:30,"Donna:)","이제 김간호사랑 절뚝이며 술래잡기할 수 있어용!"
2024-03-08 14:08:30,"OA 피오나님","오 주인님 만족도가 높아지겠군여"
2024-03-08 14:20:44,"Donna:)","김간호사는 터프해서...
그거밖에 못 뛰냐고 나쁜말하던데요ㅠㅠ"
2024-03-08 14:22:23,"OA 피오나님","역시 주인님들은 호락호락하지가 않아.."
2024-03-08 14:22:28,"OA 피오나님","Photo"
2024-03-08 14:22:42,"OA 피오나님"," 밥먹는데 그만 먹고 나오래요.."
2024-03-08 14:27:27,"Donna:)","ㅋㅋㅋㅋ 지켜보고 있다 ㅋㅋㅋㅋ"
2024-03-08 14:27:43,"Donna:)","알아서 잘 해라인갘ㅋㅋㅋ"
2024-03-13 13:42:32,"OA 피오나님","다나님 깁스 풀었어용?"
2024-03-13 13:46:32,"Donna:)","그묠날 검사하러가요....ㅠㅠ"
2024-03-13 13:46:46,"Donna:)","어제 일찍 풀 수 있을까 병원에 갔는데ㅠㅠ"
2024-03-13 13:46:57,"Donna:)","하필 교통사고 환자가 넘쳐나서... 검사 지금 못한다구ㅠㅠㅠ"
2024-03-13 13:47:05,"OA 피오나님","헛…"
2024-03-13 13:47:25,"OA 피오나님","풀었을줄 알고 축하해주려고 했는데 힝"
2024-03-13 13:47:37,"OA 피오나님","이틀만 더 고생해요 ㅜㅜ "
2024-03-13 13:47:39,"Donna:)","하지만 교통사고 환자뷴들 다 멀쩡하고 
엘베타는데 모두 나한테 양보해준건 안 비밀...ㅋㅋㅋ"
2024-03-13 13:47:51,"OA 피오나님","푸하하"
2024-03-13 13:48:32,"OA 피오나님"," 지난주에 강남 다녀오고 더 아프진 않았어요? 무리 한거 같아서 걱정함"
2024-03-13 13:50:27,"Donna:)","동키 타고 편안히 다녀왔는걸요 ㅎㅎㅎ"
2024-03-13 13:51:02,"Donna:)","괜찮았어용!"
2024-03-13 13:51:04,"OA 피오나님","Emoticon"
2024-03-13 13:51:53,"OA 피오나님","깁스 풀고 담주에 파주 쪽으로 바람쐬러 가을래요? 식물 가득한 까페에 차 마시러 가요:-)"
2024-03-13 13:56:04,"Donna:)","좋아용 좋아용"
2024-03-13 13:56:09,"Donna:)","오늘 날씨도 좋네용"
2024-03-13 13:56:18,"Donna:)","무민이 일광욕하기 좋은 날씨!"
2024-03-13 14:02:23,"OA 피오나님","고양이 빨래 타임을 노리고 있어요! 쪼금만 더 따뜻해져랄"
2024-03-13 14:10:37,"Donna:)","무민이 발톱 때 벗기는 날!"
2024-03-13 14:10:49,"Donna:)","미르도 한번 해야되는데.... "
2024-03-13 14:10:53,"Donna:)","털 뿜뿜이에요...."
2024-03-13 14:13:29,"OA 피오나님","그죠 무민냥도 엄청 뿜어 대요 ㅋㅋ 날 따뜻해져서 ㅎㅎ"
2024-03-13 14:13:50,"OA 피오나님","미르는 빨래 시키면 까만 털공이 나오겠네요 기여워라"
2024-03-13 14:13:55,"OA 피오나님","Photo"
2024-03-13 14:14:00,"OA 피오나님","일광욕 중이심"
2024-03-13 14:21:17,"Donna:)","김미르 양치하다 도망가서 볼따구에 치약 굳었는데ㅠㅠㅠ"
2024-03-13 14:21:29,"Donna:)","깁스한 발로는 어찌해도 흑염룡을 따라잡을 수 없어서ㅠㅠ"
2024-03-13 14:21:49,"Donna:)","볼따구에 치약 굳은 채로 벌써 몇주째...ㅋㅋㅋㅋ"
2024-03-13 14:22:21,"OA 피오나님","아하하 흑염룡 치약 떼기 d-2 깁스만 풀러봐랑!!"
2024-03-13 14:22:32,"OA 피오나님","너무 귀여어 ㅋㅋ"
2024-03-13 14:37:20,"Donna:)","해가 오후 늦게까지 잘 드는 집이라 무민이 좋겠당..."
2024-03-13 14:38:20,"OA 피오나님","얼른 봄 오면 좋겠어요 따뜻한거 좋아 그죵"
2024-03-13 14:38:26,"OA 피오나님","점심 먹었어용?"
2024-03-13 14:39:48,"Donna:)","아침을 늦게 먹어서 이따 저녁을 좀 빨리 먹으려구용"
2024-03-13 14:40:21,"Donna:)","지금은 미르랑 눈치싸움중이에요...."
2024-03-13 14:40:42,"Donna:)","건식 횟수 줄이고 습식을 레귤러로 먹여보려는데...."
2024-03-13 14:41:46,"Donna:)","습식 거부중이시네요ㅠㅠㅠ"
2024-03-13 14:50:56,"OA 피오나님","아니 미르냥 집사가 큰 맘 먹었는데 협조좀..!!"
2024-03-13 14:51:23,"OA 피오나님","습식은 정말 끊임없는 인내의 싸움인듯 해요 잘먹다가도 안먹고 안먹가도 먹고"
2024-03-13 15:10:52,"Donna:)","이틀 연속으로 습식먹이기가 진짜 어려운거 같아요ㅠㅠㅠㅠ"
2024-03-13 15:15:48,"OA 피오나님","맞아요 무민냥도 같은거 이틀 연속은 절대 안먹고요, 다른 것도 이틀 먹을땐 정말 손꼽아요 ㅎㅎ 캔도 작은것만 사게 돼요"
2024-03-13 15:23:58,"Donna:)","흑흑... 입짧은 고양이... 배가 불렀지 아주...."
2024-03-13 15:31:11,"OA 피오나님","그거 집사들이 냥이 그렇게 버릇들인거라 그래서 투덜거리지도 못함 크크크"
2024-03-13 15:37:29,"Donna:)","Emoticon"
2024-03-13 15:37:32,"Donna:)","제가용???"
2024-03-13 15:37:43,"Donna:)","저는 입 짧게 만든적이 없는데용???"
2024-03-13 15:51:23,"OA 피오나님","ㅋㅋㅋㅋ 다나둥절 ㅋㅋ"
2024-03-18 13:47:26,"Donna:)","할머니가 병원이 돈 벌라구 빨리 나을수 있는거 제대로 치료 안해주는거 같다구 ㅋㅋㅋㅋ 침 맞는거 어떠냐구 ㅋㅋㅋㅋ 다른 이유지만 피오나님과 같은 의견을 내고 계셔요 ㅋㅋㅋㅋ"
2024-03-18 13:48:07,"Donna:)","4월 초에 꽃구경하러 강화도 여행가기로 해서 ㅋㅋㅋ 초조하신듯ㅋㅋㅋㅋ 왤케 안 낫냐고 ㅋㅋㅋ"
2024-03-18 13:48:20,"OA 피오나님","역시 할머님은 연륜에서 나오는 지혜가 있으십니다 ㅎㅎ "
2024-03-18 13:48:28,"OA 피오나님","침 맞으러 갑시다!"
2024-03-18 13:48:52,"OA 피오나님","강화도 꽃구경이라니 🌸🌸"
2024-03-18 13:53:12,"Donna:)","ㅋㅋㅋㅋㅋ 침 아파용!! 시러시러!!!"
2024-03-18 13:53:52,"Donna:)","그래두 담주까지는 재활받아보고... 그래두 차도가 없음 다른 병원을 가던 하려구용"
2024-03-18 13:53:53,"OA 피오나님","곳통은 잠시이고 기쁨은 영원🌸🌸"
2024-03-18 13:54:29,"OA 피오나님","미르야 얼른 집사에게 침 맞으라고 같이 설득해주렴"
2024-03-18 13:54:45,"Donna:)","Photo"
2024-03-18 13:55:03,"Donna:)","미르야 그저 집사가 안 걷고 자기한테 무릎을 내어주면 좋을뿐"
2024-03-18 13:55:16,"OA 피오나님","미르가 집사 한의원 가라고 강경 시위하는 거 같은데용 "
2024-03-18 13:56:04,"Donna:)","한의원은 실비 안되자나용"
2024-03-18 13:56:41,"OA 피오나님","약 짓는거 아니면 비용이 높지 않아요, 1회 2만원 정도! "
2024-03-18 13:58:07,"OA 피오나님","[카카오맵] 이지한의원
서울 마포구 월드컵로13길 13 3층 (망원동) https://kko.to/3685Bmc04z

- 망원역 근처, 침 잘 놓으심! 운영시간이 짧음, 전화 문의 요망 "
2024-03-18 13:59:06,"OA 피오나님","[카카오맵] 으랏차차한의원
서울 마포구 월드컵로 30 2층 (서교동) https://kko.to/r4isYbdmah

합정근처, 운영 시간이 긴 편(주말 가능), 치료비용이 상대적으로 높음 "
2024-03-18 13:59:39,"OA 피오나님","이지한의원은 엘베 없는 3층이라 조금 무리가 될수도 있겠어요, 으랏차차가 접근성은 나을듯! "
2024-03-18 14:01:19,"Donna:)","으랏차챀ㅋㅋ"
2024-03-18 14:02:20,"Donna:)","추천 감사합니당.. 잘 저장해 놓겠습니당"
2024-03-18 14:28:46,"OA 피오나님","넹넹!"
2024-03-22 12:03:55,"OA 피오나님","똑똑똑 다나님 다리는 잘 나아가고 있나요?
김간호사는 케어 잘 하고 있나요?"
2024-03-22 12:11:20,"Donna:)","Photo"
2024-03-22 12:11:55,"Donna:)","주인님이 성심성의껏 케어해주시고.... 
고통스러운 재활 운동을 방해해 주십니당 ㅠㅠ"
2024-03-22 12:12:25,"OA 피오나님","김간호사도 코촉촉이군요! 우리 무민냥도 코촉촉인데 히힝"
2024-03-22 12:12:48,"OA 피오나님","재활운동 많이 아프죵 ㅠㅠ 집에서도 틈틈히 하는거에요?"
2024-03-22 12:12:49,"Donna:)","김미르 코 축축이에요 ㄷㄷㄷㄷ"
2024-03-22 12:12:57,"Donna:)","어찌나 축축한지 ㄷㄷㄷ"
2024-03-22 12:13:00,"OA 피오나님","촉촉과 축축 차이 ㅋㅋㅋㅋㅋ "
2024-03-22 12:13:07,"Donna:)","매일매일 재활해야되요ㅠㅠㅠ"
2024-03-22 12:13:36,"Donna:)","선생님이 내준 숙제....
재활운동 10가지 아침 저녁 10개씩..."
2024-03-22 12:13:40,"OA 피오나님","끈으로 발목 각도 만들기? 뭐 그런거에요?"
2024-03-22 12:13:49,"OA 피오나님","성실한 다나님 열심히 하고 있군요."
2024-03-22 12:14:09,"Donna:)","그래두 상태가 나아지는것 같긴해용"
2024-03-22 12:14:25,"OA 피오나님","다행이다 걷는건 어때요?"
2024-03-22 12:14:58,"Donna:)","발가락 움직이는거라 무게중심 옮기는더랑 발목 늘리는거 등등등 뭐가 자꾸 늘어나고 있어요 ㅠㅠ"
2024-03-22 12:15:13,"Donna:)","걷는것도 차츰 나아지고 있습니당"
2024-03-22 12:15:36,"OA 피오나님","으악 듣기만 해도 곳통.. 하고 무리한 발 아이싱 잘 해주고요"
2024-03-22 12:16:36,"OA 피오나님","오늘 아침 새로운 수영장에 원정 수영 갈 생각하다가 다나님 생각이 났어요. 물에 둥둥 띄어드릴 날이 오고 있나.."
2024-03-22 12:16:47,"Donna:)","낮에 좀 걸으면 밤에 팅팅 부어요..."
2024-03-22 12:17:19,"Donna:)","물... 수영장..."
2024-03-22 12:18:05,"OA 피오나님","조금만 더 나아지면 둥둥 뜨는거 하러 가요 ! 곧 온다 그런날은 곧 온다!"
2024-03-22 13:41:54,"Donna:)","둥둥둥..."
2024-03-22 13:42:07,"Donna:)","4월에는 날라다닐 수 있겠죠… 흑..."
2024-04-09 13:36:12,"OA 피오나님","Photo"
2024-04-09 13:36:40,"OA 피오나님","무민냥이 꿈에서 미르에게 배웠나봐요.. 집사 무릎 뿌시는법"
2024-04-09 13:38:16,"Donna:)","오구오구 잘한다 무민냥"
2024-04-09 13:43:23,"OA 피오나님","몸은 어때요? 뭐 좀 먹었어요? "
2024-04-09 13:43:31,"OA 피오나님","발목은 안녕하고요?"
2024-04-09 13:44:37,"Donna:)","좀전에 죽 반그릇 먹구 상태를 보는 중입니당 아무것도 안녕하지 못하지만 나아지겠죠"
2024-04-09 13:44:51,"Donna:)","미르랑 평화로운척 일광욕하면 다 되었는걸요 ㅎㅎ"
2024-04-09 13:44:56,"Donna:)","Photo"
2024-04-09 13:53:10,"OA 피오나님","그죠그죠 그거면 되죠💚
어여 기운 차리기를! 🙏🏻"
2024-04-22 16:27:02,"OA 피오나님","샴푸바 공유가 도착했습니다. 보낸분 인증시 샴푸바 1개를 무료로 받으실 수 있습니다"
2024-04-22 18:08:27,"Donna:)","(item)"
2024-04-22 18:08:37,"Donna:)","뭘해야되는거죵..."
2024-04-22 18:11:51,"OA 피오나님","톤28에서 지구의 날이라고 샴푸바를 무료로 주고 있어요, 회원이 회원이 아닌 사람에게 링크를 보낼 수 있고 링크 타고 들어가 가입히면 샴푸바 무료! "
2024-04-22 18:12:04,"OA 피오나님","이벤트가 직관적이지가 않네요 ㅎ"
2024-04-22 18:12:10,"Donna:)","아항 가입을 해야되는거군요"
2024-04-22 18:14:15,"Donna:)","앗 이게 피오나님이 받느게 아니구... 저한테 오는데요??? 맞아용???"
2024-04-22 18:18:32,"OA 피오나님","맞아요 새로 가입한 신규 회원이 받는거에용"
2024-04-22 18:18:48,"OA 피오나님","저는 전파를 하는 역할 ㅎㅎ"
2024-04-22 18:20:06,"Donna:)","피오나님이 받는건줄 알고 열심히 가입하고 있었는뒈...(item)"
2024-04-22 18:20:19,"Donna:)","저는 아직 쟁여놓은 샴푸바가 많아서..."
2024-04-22 18:20:46,"OA 피오나님","ㅋㅋㅋㅋ 이벤트가 직관적이지 않네 ㅋㅋ 잘못 설계했네 ㅋㅋ"
2024-04-22 18:20:58,"OA 피오나님","쟁여두고 쓰세용 톤28 좋더라구요"
2024-04-22 18:28:09,"Donna:)","오래두면 향도 금방 빠지구ㅠㅠ 아무래도 습기에 약해서ㅠㅠㅠ 관리가 힘들더라구용 ㅠㅠㅠㅠ"
2024-04-22 18:30:28,"OA 피오나님","아 그래요? 전 머리숱이 많아서  오히려 엄청 금방 써서 액상 쓸때도 많아요 ㅎㅎㅎ"
2024-04-22 18:30:36,"OA 피오나님","돈이 많이 듬 ㅋㅋ"
2024-04-22 18:31:03,"Donna:)","피오나님도 머히 별로 안 길잔하용???"
2024-04-22 18:31:09,"Donna:)","*머리"
2024-04-22 18:31:18,"Donna:)","숱이 많은것은 복이에요...."
2024-04-22 18:35:15,"OA 피오나님","ㅎㅎ 이제 많이 길었어요 열심히 길러볼께요 히힛"
2024-04-22 18:49:41,"OA 피오나님","건강하고 맛있는 저녁 먹어요:) "
2024-04-22 18:56:40,"Donna:)","피오나님도 맛저하세용(item)"
2025-02-03 09:03:57,"Donna:)","피오나님의 생일을 축하함미당!
행복한 하루 보내세용😻"
2025-02-03 09:14:29,"OA 피오나님","다나님 생일 축하 고마워요😻
다나님도 평화로운 한 주 시작하길요💛"
2025-02-03 09:39:19,"Donna:)","Photo"
2025-02-03 09:39:59,"Donna:)","연휴 마지막날 옷장 정리를 하며...
혹시나 입혀보니 역시나 고장나더라구요 ㅎㅎㅎ"
2025-02-03 11:41:33,"OA 피오나님","ㅋㅋㅋㅋㅋ 뭐야 사진 너무 귀여워요"
2025-02-03 11:41:39,"OA 피오나님","고장난 미르 ㅋㅋㅋㅋ"
2025-02-03 11:58:45,"Donna:)","이 옷... 오이스터 타운홀 마니또 때 tk에게 받은....ㅋㅋㅋㅋ"
2025-02-03 12:25:30,"OA 피오나님","헛 생각이 나고 이따 "
2025-02-03 12:25:37,"OA 피오나님","그의 유물 ㅋㅋㅋㅋ"
2025-02-03 13:49:55,"Donna:)","이제 헌옷수거함으로 보내주려구요....ㅋㅋㅋㅋ"
2025-02-03 13:50:33,"OA 피오나님","ㅋㅋㅋㅋㅋㅋㅋㅋ "
2025-03-06 19:20:06,"Donna:)","Photo"
2025-03-06 19:20:24,"Donna:)","미르 새 스크래처에요 ㅎㅎ
빨래도 말려줍니당 ㅎㅎㅎㅎ"
2025-03-06 19:30:28,"OA 피오나님","오오오 빨래 건조기인가요"
2025-03-06 19:30:30,"OA 피오나님","기엽"
2025-03-06 19:30:58,"OA 피오나님","미르가 좋아한다면 성공 구매!"
2025-03-06 19:33:39,"Donna:)","Photo"
2025-03-06 19:33:46,"Donna:)","미니건조기를 지르고 스크래처매트로 뒤덮어버렸어용 ㅎㅎㅎ "
2025-03-06 19:34:06,"Donna:)","ㅁ발래말려주는 미르 스크래처 탄생!ㅋㅋㅋ"
2025-03-06 19:34:32,"Donna:)","피오나님은 어떠케 거취가 좀 정해지셨나요??"
2025-03-06 19:34:38,"OA 피오나님","이욜 최고의 소비구만여 👏👏👏"
2025-03-06 19:34:47,"OA 피오나님","미르는 길기도 하지"
2025-10-15 14:02:53,"Donna:)","피오나님 무민님 모두 오늘은 안녕하신가요???"
2025-10-15 14:03:38,"Donna:)","어제 어진님과 은숙님과 수다수다했지만 피오나님의 빈자리가 허전했다구요!!!"
2025-10-15 21:20:26,"OA 피오나님","오늘은 제가 병원에서 뺑뺑이 도느라고 답이 늦었어요! "
2025-10-15 21:20:43,"OA 피오나님","무민냥은 오늘은 다행히 안녕하고요,"
2025-10-15 21:21:06,"OA 피오나님","어제 좋은 시간 보냈어요?"
2025-10-15 21:34:39,"Donna:)","으아아아앙(item)"
2025-10-15 21:34:59,"Donna:)","답변 없으시길래 상황이 안 좋은가 걱정했자나여ㅠㅠㅠㅠ"
2025-10-15 21:35:36,"Donna:)","피오나님 컨디션 조절과 안정을 위해 무민이도 협조를 해줘야할텐데요 흑흑"
2025-10-15 21:36:17,"Donna:)","어제는 쑤키님의 암담한 상황을 들으며 흑흑
그래두 도란도란 서로의 근황을 나누었어요"
2025-11-02 12:05:37,"OA 피오나님","다나님 굿모닝! 제주 일정 상의하려고 연락했어요!
스케쥴러 한번 더 체크했는데요, 11/14-16 좋을 것 같습니다🙂"
2025-11-02 13:22:25,"Donna:)","오오 좋아용!
내일 당장 일단 14일 연차부터 신청해야겠군요 ㅎㅎ"
2025-11-02 13:24:59,"Donna:)","숙소는 히든클리프 좋을거 같아용! 밤에도 노래 틀어준대요"
2025-11-02 13:25:21,"Donna:)","[제주/사계리/요가]파도소리를 들으며 몸과 마음을 힐링 할 수 있는 ""키아나요가 사계점"" 바당요가🌊 내돈내산 리뷰
출처 : (❁´◡`❁) | 블로그
 - https://naver.me/xS1oEpBf"
2025-11-02 13:25:31,"OA 피오나님","좋습니당"
2025-11-02 13:25:40,"Donna:)","제가 하고싶던 요가는 이런 파도소리를 들으며 사바아사나를 할 수 있는 거면 좋아용 ㅎㅎㅎ"
2025-11-02 13:25:45,"OA 피오나님","그럼 다나님이 숙소 예약해주실래요? "
2025-11-02 13:26:04,"Donna:)","넴넨! 할인이 뭐 있나 찾아볼게용!"
2025-11-02 13:26:11,"OA 피오나님","마일리지 뱅기표 시간 확인하고 알려주시면 맞춰서 끊을께요"
2025-11-02 13:26:26,"OA 피오나님","히든클리프 공홈도 한번 체크해보셔요"
2025-11-02 13:26:44,"OA 피오나님","예전엔 패키지나 프로모션도 좀 있었는데 요즘엔 어떨지 모르겠어요"
2025-11-02 13:28:18,"OA 피오나님","샵검색: #파르나스 호텔 제주"
2025-11-02 13:28:55,"OA 피오나님","히든클리프가 온수기는 한데 제 경험에 겨울에는 꽤 추웠어요. 히든클리프가 실내 수영장이 없어서 파르나스도 한번 체크해보시면 좋을 것 같아요"
2025-11-02 13:30:45,"Donna:)","또 온수풀인척하는 곳인가요 흑흑"
2025-11-02 13:30:50,"OA 피오나님","둘다 위치가 서귀포라 리무진으로 갈수 있고요, 사계 안덕도 택시로 가깝습니다 "
2025-11-02 13:31:38,"OA 피오나님","완전 뚫려있어서.. ㅋㅋㅋ 온수여도 꽤 추웠어요! 낮에는 할수 있는 정도 이긴 했는데 둘다 비교해보셔요"
2025-11-02 13:32:06,"OA 피오나님","물론 드라이버 피오나가 있으니 렌트도 좋습니당"
2025-11-02 13:36:02,"Donna:)","오오 파르나스는 야외랑 실내 수영장이 또 있군요"
2025-11-02 13:57:02,"Donna:)","파르나스 방값 2박에 거의 100만이에욧! 히든클리프랑 엄청 차이 나네요 ㄷㄷㄷ"
2025-11-02 13:57:19,"OA 피오나님","헛 그러케 비싸요 세상에나"
2025-11-02 13:58:18,"OA 피오나님","Photo"
2025-11-02 13:58:21,"OA 피오나님","빨래 하기 좋은 날"
2025-11-02 13:58:39,"Donna:)","무민이 목욕하구 반짝반짝해졌어용 ㅋㅋㅋㅋ"
2025-11-02 13:58:54,"Donna:)","따땃한 햇볕에 말려요"
2025-11-02 13:59:16,"Donna:)","금욜날은 몇시 출발이 좋으세용? 오후 한 2-3시쯤? 아님 아침 일찍?"
2025-11-02 14:00:17,"Donna:)","꺅 근데 16일 돌아오는 마일 항공편이 아침 6시 빼고는 전부 매진이네요...흑흑 "
2025-11-02 14:00:33,"Donna:)","돌아오는건 걍 돈 내고 돌아와야겠어요"
2025-11-02 14:01:11,"OA 피오나님","금욜은 11시? 12시? 각자의 고양이 좀 챙기고 가는게 좋을 것 같아용"
2025-11-02 14:04:07,"Donna:)","꺅 그 시간 마일항공권은 매진이에요! 그럼 그냥 이번엔 돈내고 갔다와용 ㅎㅎㅎ"
2025-11-02 14:04:09,"OA 피오나님","샵검색: #위호텔 제주"
2025-11-02 14:04:14,"Donna:)","12월에 또 쓰면되니까 ㅎㅎㅎ"
2025-11-02 14:04:33,"OA 피오나님","요기는 실내가 좋아요 야외는 핫터브가 있고 수영은 어렵고"
2025-11-02 14:04:38,"OA 피오나님","샵검색: #에코랜드 호텔"
2025-11-02 14:04:53,"OA 피오나님","여긴 야외 온수풀이랑 수영하기 좋은데 호텔에서 걷기가 좀 멀고용"
2025-11-02 14:05:00,"OA 피오나님","다 한번씩 다본곳"
2025-11-02 14:05:12,"OA 피오나님","샵검색: #제주 더 시에나 프리모"
2025-11-02 14:05:47,"OA 피오나님","샵검색: #휘닉스호텔 제주"
2025-11-02 14:06:06,"OA 피오나님","여긴 저 안가봤능데 가족 단위랑 애들이 좀 많다구, 온수풀"
2025-11-02 14:06:21,"OA 피오나님","여기도 안가봤어요"
2025-11-02 14:06:28,"OA 피오나님","이외 신라 롯데도 온수풀!"
2025-11-02 14:10:00,"OA 피오나님","히든클리프 제주 출처 : 신사우기^^ | 블로그"
2025-11-02 14:10:50,"OA 피오나님","히든클리프 최근에 다녀온 사람 있는데 괜찮나봐요, 저 히든클리프 좋아하는 호텔이고 단정하고 가격대 괜찮으니 다나님이 좋다면 저도 오케이"
2025-11-02 14:11:04,"OA 피오나님","마일리지 항공권 몇 시에 있어요?"
2025-11-02 14:12:57,"Donna:)","마일 항공권은 6시대나 오후2-3시대 항공권만 있어용"
2025-11-02 14:13:25,"Donna:)","에코랜드 호텔도 근데 좋아보여용"
2025-11-02 14:13:27,"OA 피오나님","그럼 오후 2시도 괜찮아요 도착해서 바로 체크인 해도 되고용"
2025-11-02 14:13:55,"OA 피오나님","수영하긴 좋아요, 근데 근처에 뭐가 없어서 밥 먹기가 좀 애매합니다 위치가 조금 멀고용"
2025-11-02 14:17:34,"Donna:)","호텔 레스토랑은 별로였나요…
많이 돌아다닐거 아니면 렌트 안하고 그냥 택시타고 다니거나 하면 될거 같아서용"
2025-11-02 14:24:10,"OA 피오나님","리볼버 제주특별자치도 서귀포시 예래로 31 (상예동)"
2025-11-02 14:26:48,"OA 피오나님","Photo"
2025-11-04 08:53:00,"Donna:)","Photo"
2025-11-04 08:53:13,"Donna:)","굿모닝 피오나님
히든클리프 예약했어용"
2025-11-04 11:43:43,"OA 피오나님","꺄아아 제주가 우릴 기다린다아🙂"
2025-11-04 11:43:56,"OA 피오나님","예약해줘서 고마워요🙂"
2025-11-04 11:57:04,"Donna:)","빨리 시간 순삭했음 좋겠당 ㅎㅎㅎ"
2025-11-04 11:58:15,"Donna:)","쿠폰과 할인이벤트를 끌어모아 2박 34만 5천원에 해결했어용 ㅎㅎㅎ"
2025-11-04 12:08:40,"OA 피오나님","우와 너무 좋아용"
2025-11-04 12:08:48,"OA 피오나님","점심 맛있게 먹어용"
2025-11-04 12:08:59,"OA 피오나님","여행 다녀와서 우리 일괄 정산해요🙂"
2025-11-04 12:30:01,"Donna:)","빨리 여행가구 싶어용 흑흑"
2025-11-04 12:30:05,"Donna:)","회사 시러시렁 흑흑"
2025-11-04 13:01:14,"OA 피오나님","힘내라 다나님 시간이 훅훅 가랑"
2025-11-04 16:42:56,"Donna:)","Photo"
2025-11-04 16:43:05,"Donna:)","오홍 표가 좀 생기긴했어요"
2025-11-04 17:45:45,"OA 피오나님","아고 이걸 이제 봤네용"
2025-11-04 17:46:15,"OA 피오나님","4시 전후로 일반석 보이면 끊어두는 걸로 할까요?"
2025-11-04 18:03:43,"Donna:)","오옷 제주항공 15시35분!"
2025-11-04 18:05:58,"Donna:)","Photo"
2025-11-04 18:06:04,"Donna:)","이거 예매할까용???"
2025-11-04 18:08:29,"OA 피오나님","넵 저도 맞춰서 할게요"
2025-11-04 18:08:53,"OA 피오나님","2장 같이 끊기는 힘들거 같으니 일단 서로 시간 맞춰 확보하는 걸루 해용"
2025-11-04 18:10:32,"Donna:)","넴넴 저걸로 예매해용!"
2025-11-04 18:37:44,"Donna:)","Photo"
2025-11-04 18:37:49,"Donna:)","저는 예약 완료!"
2025-11-12 10:22:03,"Donna:)","피오나님 굿모냥이에요"
2025-11-12 10:22:22,"Donna:)","요가를 찾아보니.. 인근... 시간 선택 자유인 곳은 여기 밖에 없더라구요..."
2025-11-12 10:22:28,"Donna:)","문창수 요가 원데이클래스 칠십리로 109-1 2층 문스짐"
2025-11-12 11:52:25,"OA 피오나님","굿모닝, 제가 제주 지인에게 사계& 서귀포 인근에 요가 추천도 받아볼께요! "
2025-11-12 13:20:42,"Donna:)","요가 포기하구 물에 떠다녀도 되용 ㅎㅎㅎ"
2025-11-12 15:15:42,"OA 피오나님","그래도 좋츄"
2025-11-12 15:36:33,"Donna:)","빨리 그묘일이 되었으면 좋겠어룡"
2025-11-12 15:36:54,"Donna:)","제가 선물받은 와인한병과 슈톨렌도 챙겨갈거에요 ㅎㅎㅎ"
2025-11-12 16:01:25,"OA 피오나님","까하 넘흐 좋아효"
2025-11-25 11:15:20,"OA 피오나님","다나님 굿모닝!! 정산 고마워요, 저도 정리해서 보내드릴게영"
2025-11-25 11:16:46,"Donna:)","피오오오나아아아님 
무슨일 있는건 아니죵??? 연락이 없으셔서 걱정했자나요🙀"
2025-11-25 12:15:52,"OA 피오나님","어제 핸드폰 무음으로 해두고 새벽에 봐서 답을 늦게 해써용"
2025-11-25 12:16:01,"OA 피오나님","아무일도 없습니당"
2025-11-25 12:16:07,"OA 피오나님","무민냥도 저도 안녕해용"
2025-11-25 12:16:38,"OA 피오나님","Photo"
2025-11-25 12:46:16,"Donna:)","별일 없다면 다행이에용"
2025-12-26 15:09:49,"OA 피오나님","다나님 미르랭 크리스마스 잘 보냈어요? 늦었지만 메리 크리스마스!"
2025-12-26 15:09:51,"OA 피오나님","https://docs.google.com/spreadsheets/d/12XT7A7jgeLaLfsIJQVoiGml7IVpThqPTzK4eo_d0-68/edit?usp=drivesdk"
2025-12-26 15:10:22,"OA 피오나님","정산시트를 만들어두고 깜빡해서 이제 보내요, 너무 늦게 보내서 미안해요! "
2025-12-26 16:06:28,"Donna:)","2 photos"
2025-12-26 16:06:29,"Donna:)","피오나님도 클스마스 잘 보내셨나용!
전업집사의.무릎을 차지한 미르는 세상에서 젤 행복한 고양이로 살고있답니다 ㅎㅎ"
2025-12-26 16:09:01,"Donna:)","오오 제주 정산 마무리 감사합니당! 
근제 하찌 저녁 비용 그때 피오나님이 내셨는데 빠진거 같아용!"
2025-12-26 16:12:44,"OA 피오나님","드디어 전업 집사가 되었군요!!"
2025-12-26 16:12:58,"OA 피오나님","Emoticon"
2025-12-26 16:13:56,"OA 피오나님","아하! 저도 하찌 추가하고 다나님도 조기 갈색으로 칠해진 부분 교통비 추가 부탁드려용"
2025-12-26 16:16:18,"Donna:)","아 저 교통비가 티머니 결제로 포함되서 내역을 따로 찾기가 힘들더라구요ㅠㅠㅠ 거리 얼마 안되서 얼마 안 했던거 같아서 제외해도되욧!"
2025-12-26 21:11:54,"OA 피오나님","Photo"
2025-12-26 21:12:43,"OA 피오나님","시트에도 업데이트했어요! 🙂
하찌에서 제가 마신 맥주는 빼고 정산입니다! 
택시비는 카카오맵 기준으로 했습니다!"
2025-12-26 21:26:08,"Donna:)","왕 정산 감사합니당!🙏 제가 77천원 보내드리면 되는군요😺"
2025-12-26 21:27:14,"Donna:)","송금봉투가 도착했어요. 송금 받기 전까지 보낸 분은 내역 상세화면에서 취소할 수 있어요."
2025-12-26 21:33:18,"OA 피오나님","송금봉투를 받았어요. *(안내) 송금 받은 돈은 카카오페이 앱에서도 사용이 가능해요."
2025-12-26 21:33:30,"OA 피오나님","저도 넘 즐거웠어용"
2025-12-26 21:34:31,"Donna:)","며칠 남지 읺은 25년 마무리 잘 하시공!
무민이와 또 건강하고 행복한 새해를 맞이해보아욧😻😻"
2025-12-26 21:35:23,"OA 피오나님","다나님도 미르랑 따숩고 뒹굴뒹굴한 연말과 한해 마무리 하세용"
